id_vocab,german,english
1,hässlich,ugly
2,das Organ,the organ
3,süss,sweet
4,der Mensch,the human
5,anziehen,to put a clothe on
6,heissen,to be named
7,arbeiten,to work
8,der Kellner,the waiter
9,Deutsch,German
10,auf Wiedersehen,goodbye
11,beginnen,to begin
12,September,September
13,der Herbst,the autumn
14,der Historiker,the historian
15,Himmel,Heaven
16,das Mehl,the flour
17,das Sonderangebot,the special offer
18,reservieren,to reserve
19,der Himmel,the sky
20,die SMS,the SMS
21,sauber,clean
22,die Tür,the door
23,oft,often
24,der Fernseher,the television
25,seltsam,strange
26,der Khaki,the khaki
27,der Joghurt,the yoghurt
28,leben,to live
29,der Kollege,the colleague
30,die Kirche,the church
31,das Ziel,the aim
32,emotional,emotional
33,die Zucchini,the zucchini
34,der Urlaub,the holiday
35,die Herberge,the hostel
36,der Garten,the garden
37,der Pass,the pass
38,es tut mir leid,I'm sorry
39,der Halt,the halt
40,März,March
41,der Tempel,the temple
42,die Konstellation,the constellation
43,die Geschichte,the history
44,die Position,the position
45,die Luft,the air
46,die Garantie,the guarantee
47,löschen,to delete
48,der Tod,the death
49,die Note,the grade
50,das Schwein,the pig
51,überfahren,to run over
52,der Cousin,the cousin
53,geduldig,patient
54,der Kindergarten,the nursery
55,die Überschwemmung,the flood
56,ständig,constant
57,sich lohnen,to be worth it
58,der Strömung,the flow
59,aushalten,to withstand
60,lachen,to laugh
61,währen,to last
62,die Gabe,the gift
63,der Pfeffer,the pepper
64,besondere,special
65,die Präposition,the preposition
66,der Geruchssin,the sense of smell
67,die Übersetzung,the translation
68,reiten,to ride
69,das Pokal,the cup
70,die Flanke,the flank
71,beachten,to pay attention
72,die Gegenstand,the object
73,der Freund,the boyfriend
74,die Erkenntnis,the knowledge
75,umfahren,to bypass
76,das Sprichwort,the proverb
77,die Hymne,the anthem
78,nah,close
79,die Regierung,the government
80,selten,rarely
81,der Vordergrund,the foreground
82,der Stern,the star
83,die Mandel,the almond
84,das Nashorn,the rhino
85,der Hahn,the rooster
86,erinnern,to remind
87,die rote Bete,the beetroot
88,der Ahn,the ancestor
89,der Kamm,the towel
90,ärgern,to annoy
91,hinten,behind
92,die Zahnbürste,the toothbrush
93,die Erkältung,the cold
94,die Kardone,the cardoon
95,statt,instead of
96,die Dattek,the date
97,vorstellen,to present
98,der Film,the movie
99,der Zwerg,the dwarf
100,sich verlieben,to fall in love
101,die Bürste,the brush
102,stumm,mute
103,das Gesetz,the law (G.)
104,bald,soon
105,sich die Zähne putzen,to brush one's teeth
106,der Posteingang,the inbox
107,das Waschen,the washing
108,schneiden,to cut
109,der Kürbis,the pumpkin
110,verdrängen,to replace
111,verpassen,to miss
112,beschenken,to make a present
113,der Magen,the stomach
114,leise,discrete
115,die Landwirtschaft,the agriculture
116,sonst,otherwise
117,wieder,another time
118,zum Geburtstag viel Glück,happy birthday
119,die Erbse,the pea
120,gelten,to apply
121,das Rührei,the scrambled egg
122,die Lösung,the solution
123,die Markise,the awning
124,die Brunnenkresse,the watercress
125,zwingend,mandatory
126,die Reineclaude,the greengage
127,die Ableitung,the derivation
128,wenig,little
129,der übersetzer,the translator
130,herzlich,cordial
131,unterhalten,to entertain
132,vorgedrungen,advanced
133,schmutzig,dirty
134,unterwegs,on the road
135,die Entscheidung,the decision
136,die Mütze,the cap
137,abmelden,to sign out
138,der Grünkohl,the kale
139,die Masche,the mesh
140,wandern,to hike
141,flüssig,liquid
142,die Ausflug,the excursion
143,die Fernbedienung,the remote
144,die Heizung,the heater
145,die Erläuterung,the explanation
146,messen,to measure
147,das Nasenbluten,the nosebleed
148,schiessen,to shoot
149,die Ausbildung,the training
150,regnen,to rain
151,daher,therefore
152,die Entfernung,the distance
153,die Stillzeit,the breastfeeding period
154,die Bedingung,the condition
155,das Gebäck,the pastry
156,höchst,highly
157,der Dachboden,the attic
158,das Töpfchen,the potty
159,der Tacker,the stapler
160,der Beutel,the sachet
161,der Opa,the grandpa
162,die Suppe,the soup
163,der Kühlschrank,the fridge
164,Englisch,English
165,Dienstag,Tuesday
166,die Frage,the question
167,Guten Abend,good evening
168,der Statistiker,the statistician
169,nein,no
170,alt,old
171,der Schauspieler,the actor
172,kommen,to come
173,mag,like
174,frei,free
175,waschen,to wash
176,der Vogel,the bird
177,die Antwort,the answer
178,Was machst du beruflich?,What is your work?
179,gut,good
180,grau,grey
181,die Maus,the mouse
182,vegetarier,vegetarian
183,die Socke,the sock
184,golden,golden
185,spenden,to donate
186,warum,why
187,die Banane,the banana
188,das Wort,the word
189,die Dinge,the thing
190,die Seife,the soap
191,die Spinne,the spider
192,der Sohn,the son
193,der Mann,the man
194,die Hose,the pants
195,wichtig,important
196,das Kino,the cinema
197,die Spezialität,the specialty
198,die Küche,the kitchen
199,die Stadt,the city
200,der Zucker,the sugar
201,hunger,hungry
202,modern,modern
203,der Spinat,the spinach
204,das Bein,the leg
205,die Firma,the company
206,das Blut,the blood
207,einfach,easy
208,die Kunst,the art
209,der Ursprung,the origin
210,langweilig,boring
211,das Gefühl,the feeling
212,altmodisch,old-fashioned
213,der Fotoapparat,the camera
214,die Motivation,the motivation
215,vergessen,to forget
216,sich erkälten,to catch a cold
217,gratis,free (money)
218,die Ecke,the corner
219,der Ventilator,the ventilator
220,sehen,to see
221,der Rest,the rest
222,die Meinung,the opinion
223,die Gesundheit,the health
224,der Lachs,the salmon
225,passieren,to happen
226,zu Hause,at home
227,der Ring,the ring
228,das Getränk,the drink
229,der Schrimp,the shrimp
230,das Jahrhundert,the century
231,ab A,from A
232,windig,windy
233,violett,violet
234,renovieren,to renovate
235,überall,everywhere
236,die Zensur,the censorship
237,tief,deep
238,beruflich,professional
239,brillieren,to shine
240,der Gegner,the opponent
241,die Pflaume,the plum
242,der Unterschied,the difference
243,der Mund,the mouth
244,die Osterglocke,the daffodil
245,in der Nähe,near
246,übersetzen,to translate
247,Guten Rutsch,Happy New Year (before)
248,der Ersatz,the replacement
249,die Atmosphäre,the atmosphere
250,die Kultur,the culture
251,verdoppeln,to double
252,die Nuss,the nut
253,das Netzwerk,the network
254,die Feder,the feather
255,die Taktik,the tactic
256,zwischen,between
257,das Papier,the paper
258,effektiv,effective
259,lösen,to loose
260,effizient,efficient
261,der Beginn,the beginning
262,der Tropfen,the drop
263,das Ufer,the shore
264,der Ritt,the ride
265,einsinken,to sink in
266,chaotisch,chaotic
267,die Mirabelle,the mirabelle
268,Ungar,Hungary
269,betreten,to enter
270,das Spielzeug,the toy
271,das Universum,the universe
272,rechts aussen,extreme right
273,tun,to do
274,die Arbeitsstelle,the job
275,die Abwesenheit,the absence
276,der Schimpanse,the chimpanzee
277,die Umweltpolitik,the environmental policy
278,ausgeben,to spend
279,lautstark,vocal
280,gebrochen,broken
281,bergauf,uphill
282,der Bildschirm,the screen
283,das Schnäppchen,the bargain
284,angeln,to fish
285,die Freundlichkeit,the kindness
286,der Bart,the beard
287,am Anfang,at the beginning
288,der Vorgang,the process
289,sterbend,dying
290,permanent,permanent
291,einzahlen,to deposit
292,kündigen,to terminate
293,der Diebstahl,the theft
294,gegensätzlich,opposite
295,der Geruch,the smell
296,der Vulkanausbruch,the volcanic eruption
297,die Krankheit,the disease
298,die Wanderung,the hike
299,die Aussage,the statement
300,der Staat,the state
301,der Mitspieler,the co-player
302,das Orchester,the orchestra
303,das Kätzchen,the kitten
304,das Interesse,the interest
305,der Torhüter,the goalkeeper
306,salonfähig,acceptable
307,der Markt,the market
308,oben,above
309,der Schnabel,the beak
310,die Nachricht,the message
311,die Opfergabe,the offering
312,folgen,to follow
313,ein bisschen,a bit
314,der Preis,the price
315,die Offenheit,the openness
316,der Daumen,the thumb
317,die Höflichkeit,the courtesy
318,das Handy,the mobile phone
319,blühen,to flower
320,der Rosenkohl,the Brussels sprout
321,geweiht,consecrated
322,frustrierend,frustrating
323,der Verkäufer,the seller
324,das Freibad,the outdoor pool
325,der Kuckuck,the cuckoo
326,der Beweis,the proof
327,das Mittelalter,the Middle Ages
328,die Quittung,the receipt
329,das Einkommen,the income
330,wie geht es dir?,how are you?
331,wissen,to realize
332,der Schal,the scarf
333,leiden,to suffer
334,aufstehen,to get up
335,die Schildkröte,the turtle
336,der Blick,the view
337,die Begegnung,the encounter
338,fleissig,hard-working
339,das Gesicht,the face
340,sich erinnern,to remember
341,die Quitte,the quince
342,anstehen,to queue
343,der Fehler,the mistake
344,das Geheimnis,the secret
345,das Arbeitszimmer,the study
346,der Schuh,the shoe
347,das Auge,the eye
348,blenden,to blind
349,die Erdkunde,the geography
350,ob,whether
351,die Ruhe,the calm
352,das Flugzeug,the plane
353,die Körperpflege,the personal hygiene
354,die schwarze Johannisbeere,the blackcurrant
355,wolkig,cloudy
356,der Sprung,the jump
357,vorn,in the front
358,die Ampel,the traffic light
359,glücklich,happy
360,zählen,to count
361,die Dose,the can
362,die Mangostanfrucht,the mangosteen
363,der Beruf,the profession
364,geschieden,divorced
365,der Laden,the store
366,bis Bald,bye for now
367,das Gebäude,the building
368,die Traube,the grape
369,bleiben,to remain
370,das Mitglied,the member
371,unterrichten,to teach
372,der Anhänger,the supporter
373,feiern,to celebrate
374,das Arbeitplatz,the workplace
375,höflich,polite
376,die Stelle,the place
377,der Dorn,the thorn
378,der Satz,the sentence
379,der Jubel,the cheer
380,gleich,equal
381,die Brombeere,the blackberry
382,sterben,to die
383,fälligkeit,due date
384,der Sauerampfer,the sorrel
385,der Grund,the reason
386,die rote Beeren,the red berries
387,der Musikgeschmak,the musical taste
388,üben,to practice
389,die Vorspeise,the starter
390,die Feige,the fig
391,das Lachen,the laugh
392,die Ankunft,the arrival
393,bekommen,to obtain
394,der Termin,the appointment
395,zurzeit,for now
396,der Künstler,the artist
397,das Ergebnis,the outcome
398,der Zweifel,the doubt
399,der Weizen,the wheat
400,die Sternfrucht,the carambola
401,verlassen,to leave
402,dabei sein,to be there
403,die Aufmerksamkeit,the attention
404,der Grad,the degree
405,lügen,to lie
406,entscheiden,to decide
407,der Haartrockner,the hairdryer
408,das Design,the design
409,die Stube,the lounge
410,der Hügel,the hill
411,insbesondere,especially
412,die Hängematte,the hammock
413,anhalten,to halt
414,der Endiviensalat,the endive
415,der Verkehr,the circulation
416,Nun!,Well!
417,föhnen,to blow-dry
418,der Teil,the part
419,die Litschi,the lychee
420,sich beschweren,to complain
421,der Wahnsinn,the madness
422,die Tiefe,the depth
423,aufreissen,to tear open
424,die Sammlung,the collection
425,der Schwamm,the sponge
426,fast,almost
427,aufhören,to cease
428,sofort,immediately
429,das Streichholz,the match
430,sich streiten,to quarrel
431,die Rübe,the turnip
432,der Stock,the floor
433,gelingen,to succeed
434,passen,to go well
435,darauf,thereon
436,sich bedanken,to say thank you
437,wach,awake
438,die Lauchzwiebel,the spring onion
439,Bekannte,the friends
440,unpraktisch,impractical
441,das Sternzeichen,the zodiacal sign
442,mitteilen,to inform
443,der Schnittlauch,the chives
444,was für,what kind of
445,reichen,to be sufficient
446,die Sache,the case
447,die Öffentliche Verkehrsmittel,the public transports
448,der Rettich,the radish
449,der Notruf,the emergency call
450,veranstalten,to organize
451,besetzen,to occupy
452,das Reh,the deer
453,schützen,to protect
454,freuen,to be looking forward
455,die Zuckerschoten,the snow peas
456,irreführend,misleading
457,der Rand,the edge
458,wünschen,to wish
459,verschenken,to give away
460,der Feldsalat,the lamb's lettuce
461,davon,thereof
462,ausgezeichnet,excellent
463,legen,to place
464,auftauchen,to pop up
465,die Erziehung,the education
466,zögern,to hesitate
467,das Heilmittel,the remedy
468,der Zauberspruch,the spell
469,eins nach dem anderen,one by one
470,die Vergleich,the comparison
471,der Standort,the location
472,das Abkommen,the agreement
473,beschwören,to conjure
474,die Häufigkeit,the frequency
475,leihen,to borrow
476,der Vorfall,the incident
477,daneben,besides that
478,die Beziehung,the relationship
479,der Felsen,the rock
480,verzeihen,to forgive
481,der Käse,the cheese
482,die Strumpfhose,the hoose
483,das Essen,the meal
484,fressen,to eat (animal)
485,lernen,to learn
486,einmal,once
487,das Kreuz,the cross
488,rosa,pink
489,der Fuss,the foot
490,der Berg,the mountain
491,der Ingenieur,the engineer
492,der Winter,the winter
493,fertig,ready
494,nehmen,to take
495,die Socken,the socks
496,der Weisskohl,the white cabbage
497,Oktober,October
498,kämpfen,to fight
499,die Physalis,the physalis
500,die Glocke,the bell
501,wegen,because of
502,luxuriös,luxurious
503,der Löffel,the spoon
504,die Hyäne,the hyena
505,die Melone,the melon
506,ausziehen,to take off
507,belohnen,to reward
508,die Tollwut,the rabies
509,verwirklichen,to achieve
510,bügeln,to iron
511,demzufolge,consequently
512,der Bon,the voucher
513,ankommen,to arrive
514,streiten,to argue
515,ernst,serious
516,das Frühstück,the breakfast
517,einsteigen,to get on
518,ähnlich,similar
519,knien,to kneel
520,die Absicht,the intention
521,die Jugendherberge,the youth hostel
522,die Prüfung,the examination
523,Kapiert?,Geddit?
524,das Kühlhaus,the cold store
525,der Schiedrichter,the referee
526,die Musik,the music
527,gießen,to pour
528,die Zukunft,the future
529,das Denkmal,the monument
530,besuchen,to visit
531,perfide,perfidious
532,uralt,ancient
533,die Gartenbohne,the French bean
534,aussteigen,to get out
535,die Wirtschaft,the economy
536,die Schwarzwurzel,the salsify
537,der Schrank,the cupboard
538,die Petersilie,the parsley
539,schwimmbecken,to pool
540,abseits,offside
541,die Stachelbeere,the gooseberry
542,die Wüste,the desert
543,das Schweigen,the silence
544,die Bejahung,the affirmation
545,der Liebling,the favourite
546,die Heidelbeere,the blueberry
547,der Muskelkater,the sore muscles
548,wem,who
549,der Knoblauch,the garlic
550,der Rüssel,the trunk
551,die Kastanie,the chestnut
552,der Sessel,the armchair
553,das Hauptgericht,the main course
554,die Vorbereitung,the preparation
555,die Gegenwart,the present
556,neben,besides
557,weiter so,keep it up
558,das Schaf,the sheep
559,der Schluckauf,the hiccup
560,ewig,eternally
563,benutzen,to use
568,verstehen,to understand
574,klein,small
575,müde,tired
577,der Reis,the rice
583,schlafen,to sleep
596,die Wohnung,the flat
603,die Möbel,the furniture
605,der Partner,the partner
608,das Stück,the piece
609,schnell,fast
612,die Hausnummer,the house number
613,die Sprache,the language
614,die Zeitung,the newspaper
615,die Pflanze,the plant
625,frisch,fresh
635,zeigen,to show
636,der Sport,the sport
643,der Lehrer,the teacher
645,ganz,whole
652,die Übung,the exercise
653,die Lampe,the lamp
654,der Salat,the salad
655,der Balkon,the balcony
659,schmecken,to taste
661,das Schlafzimmer,the bedroom
665,das Sofa,the sofa
667,die Kirsche,the cherry
670,ledig,single
672,die Mango,the mango
676,trinken,to drink
680,die Frau,the woman
682,leider,unfortunately
683,aber,but
687,das Wörterbuch,the dictionary
690,dann,then
696,die Tochter,the daughter
700,spät,late
701,wo,where
703,der Euro,the euro
707,haben,to have
709,der Apfel,the apple
712,der Vater,the father
716,sitzen,to sit
726,das Glas,the glass
733,welche,which
736,kalt,cold
757,die Flasche,the bottle
760,falsch,wrong
765,kurz,short
773,die Kartoffel,the potato
774,kochen,to cook
775,beide,both
776,der Bruder,the brother
777,die Nudel,the pasta
779,das Brot,the bread
781,die Garage,the garage
789,morgen,tomorrow
795,und,and
800,übermorgen,the day after tomorrow
803,der Bleistift,the pencil
807,der Kunde,the customer
811,essen,to eat
826,die Schwester,the sister
834,der Nachmittag,the afternoon
836,das Wohnzimmer,the living room
838,telefonieren,to telephone
847,das Obst,the fruit
848,manchmal,sometimes
849,bitte,please
850,gehen,to go
851,der Tisch,the table
853,die Terrasse,the terrace
855,das Büro,the office
858,der Teppich,the carpet
866,der Fisch,the fish
870,das Wasser,the water
877,lang,long
878,lesen,to read
879,die Schokolade,the chocolate
880,das Salz,the salt
882,das Erdgeschoss,the ground floor
884,jetzt,now
887,das Gemüse,the vegetables
888,danke,thank you
890,die Geschwister,the siblings
894,teuer,expensive
895,die Zeit,the time
896,die Seite,the page
899,die Himbeere,the raspberry
900,die Tomate,the tomato
901,der Tee,the tea
903,neu,new
905,die Toilette,the toilet
914,richtig,correct
916,der Stuhl,the chair
918,das Geld,the money
919,die Tasche,the bag
923,der Schlüssel,the key
926,der Saft,the juice
939,die Mutter,the mother
951,die Milch,the milk
961,vorgestern,the day before yesterday
964,verheiratet,married
965,lecker,delicious
968,das Beispiel,the example
969,grillen,to grill
977,heute,today
978,das Bier,the beer
980,das Zentrum,the centre
986,die Zahl,the number
990,die Form,the form
996,das Fenster,the window
999,laut,loud
1001,der Computer,the computer
1002,die Kiwi,the kiwi
1005,vor,before
1007,interessant,interesting
1009,der Wein,the wine
1022,der Schnee,the snow
1023,der Westen,the west
1024,der Mantel,the coat
1030,der Arm,the arm
1035,der Kalender,the calendar
1036,trocken,dry
1045,die Mathematik,the mathematics
1046,der Teller,the plate
1053,blau,blue
1057,berichten,to report
1059,treffen,to meet
1064,korrigieren,to correct
1066,das Hemd,the shirt
1073,tragen,to wear
1082,der Mond,the moon
1086,das Ohr,the ear
1087,der Strand,the beach
1094,der Fahrer,the driver
1104,rot,red
1117,der Arzt,the doctor
1119,das Rezept,the recipe
1127,die Werkstatt,the workshop
1129,heiraten,to marry
1152,einladen,to invite
1153,fangen,to catch
1155,schlecht,bad
1157,die Blume,the flower
1166,der Koffer,the suitcase
1175,die Bibliothek,the library
1177,der Baum,the tree
1182,der Student,the student
1190,Dezember,December
1191,zweite,second
1193,wählen,to choose
1195,der Zug,the train
1201,der Schatz,the treasure
1209,der Handschuh,the glove
1210,blöd,stupid
1216,warm,warm
1217,das Rathaus,the city hall
1221,das Café,the café
1224,gelb,yellow
1225,die Bluse,the blouse
1228,bezahlen,to pay
1231,der Rücken,the back
1234,glauben,to believe
1247,das Hotel,the hotel
1248,stark,strong
1254,das Restaurant,the restaurant
1260,der Körper,the body
1261,kennen,to know
1265,der Sommer,the summer
1271,der Tourist,the tourist
1278,April,April
1283,das Kleid,the dress
1288,das Radio,the radio
1290,die Grippe,the flu
1292,probieren,to try
1295,studieren,to study
1298,verdienen,to earn
1300,anfangen,to start
1302,schwarz,black
1305,voll,full
1314,das Schiff,the ship
1317,die Einladung,the invitation
1331,der Kopf,the head
1333,denken,to think
1338,rauchen,to smoke
1339,praktisch,practical
1344,umtauschen,to exchange
1346,die Bewegung,the movement
1348,fotografieren,to photograph
1350,das Fieber,the fever
1358,die Nase,the nose
1366,August,August
1375,der Schmerz,the pain
1376,das Praktikum,the internship
1380,das Telefon,the telephone
1382,sonnig,sunny
1384,backen,to bake
1387,tanzen,to dance
1391,fühlen,to feel
1396,letzte,last
1400,der Hund,the dog
1402,die Jacke,the jacket
1409,vielleicht,maybe
1413,der Finger,the finger
1419,die Gruppe,the group
1422,rund,round
1427,geben,to give
2092,weiss,white
2093,leer,empty
2094,ausmachen,to turn off
2095,der Orangensaft,the orange juice
2096,Guten Tag,good day
2097,spielen,to play
2098,das Lotto,the lottery
2099,schwul,gay lovers
2100,normal,normal
2101,der Enkel,the grand-son
2102,orange,orange
2103,das Pferd,the horse
2104,attraktiv,attractive
2105,schwimmen,to swim
2106,der Junge,the boy
2107,Deutschland,Germany
2108,die Grossmutter,the grand-mother
2109,das Mädchen,the girl
2110,Guten Morgen,good morning
2111,entschuldigung,excuse-me
2112,der Sekretär,the secretary
2113,prima,fine
2114,Gute Nacht,good night
2115,die Gewinnzahl,the winning number
2116,wilkommen,welcome
2117,die Moral,the morality
2118,das Tier,the animal
2119,der Prinz,the prince
2120,bitte sehr,you're welcome
2121,hoch,up
2122,die Angst,the fear
2123,sagen,to say
2124,klar,clear
2125,der Arkitekt,the architect
2126,das Öl,the oil
2127,fantastisch,fantastic
2128,durst,thirsty
2129,der Veteran,the veteran
2130,das Material,the material
2131,tausend,thousand
2132,die Sauce,the sauce
2133,die Flagge,the flag
2134,das Pronomen,the pronoun
2135,das Camping,the camping
2136,die Fliege,the fly
2137,der Laptop,the laptop
2138,die Qualifikation,the qualification
2139,perfekt,perfect
2140,sprechen,to speak
2141,gesund,healthy
2142,stimmen,to vote
2143,sichtbar,visible
2144,hinzufügen,to add
2145,sauer,sour
2146,die Hexe,the witch
2147,die Ente,the duck
2148,umkämpfen,to beat
2149,der Elefant,the elephant
2150,der Fluss,the river
2151,wirklich,really
2152,der Konflikt,the conflict
2153,der Tiger,the tiger
2154,die Ferien,the holidays
2155,das Recht,the right
2156,die Enkelin,the grand-daughter
2157,der Bär,the bear
2158,die Philosophie,the philosophy
2159,der Seher,the seer
2160,das Zebra,the zebra
2161,die Rose,the rose
2162,die Jugend,the youth
2163,das Omelette,the omelette
2164,der Kunststoff,the plastic
2165,die Theorie,the theory
2166,der Regenschirm,the umbrella
2167,der Käfer,the cockroach
2168,das Metall,the metal
2169,rennen,to sprint
2170,die Stimme,the voice
2171,die Couch,the couch
2172,das Holz,the wood
2173,das Ethik,the ethique
2174,laufen,to run
2175,diskutieren,to discuss
2176,der Praktikant,the intern
2177,die Möglichkeit,the possibility
2178,die Katze,the cat
2179,erste,first (adj.)
2180,spass,fun
2181,die Freundin,the girlfriend
2182,der Geist,the ghost
2183,mehrere,several
2184,das Protokoll,the protocol
2185,die Ehefrau,the wife
2186,die Kosmetik,the make-up
2187,der Grossvater,the grand-father
2188,der Wurst,the sausage
2189,blind,blind
2190,bis Später,see you later
2191,das TischTennis,the table tennis
2192,allein,alone
2193,der Löwe,the lion
2194,die Identität,the identity
2195,traurig,sad
2196,das Alphabet,the alphabet
2197,pikant,spicy
2198,Juni,June
2199,der Leopard,the leopard
2200,schon,already
2201,das Produkt,the product
2202,knipsen,to push
2203,bequem,convenient
2204,die Kumquat,the kumquat
2205,jemand,someone
2206,der Maler,the painter
2207,der Wald,the forest
2208,die Fotografie,the photography
2209,das Insekt,the insect
2210,die Chemie,the chemistry
2211,der Friseur,the hairdresser
2212,die Kuh,the cow
2213,wild,wild
2214,die rote Karte,the red card
2215,der Küchenchef,the cook
2216,das Leben,the life
2217,der Journalist,the journalist
2218,sortieren,to sort
2219,die Tradition,the tradition
2220,die Literatur,the literature
2221,das Notizbuch,the notebook
2222,das Boot,the boat
2223,der Hut,the hat
2224,deklinieren,to decline
2225,die Reisetasche,the travel bag
2226,das Turnier,the tournament
2227,umsteigen,to change trains
2228,der Gorilla,the gorilla
2229,das Schloss,the castle
2230,bunt,colorful
2231,die Geldbörse,the purse
2232,überraschen,to surprise
2233,die Briefmarke,the stamp
2234,der Fuchs,the fox
2235,verlieren,to lose
2236,schwül,humide
2237,der Penalty,the penalty
2238,überrascht,surprised
2239,die Artischocke,the artichoke
2240,die Clementine,the clementine
2241,die Scheibe,the slice
2242,die Cranberry,the cranberry
2243,der Wolf,the wolf
2244,der Turm,the tower
2245,der Anrufer,the caller
2246,möglich,possible
2247,schminken,to make up
2248,das Comicbuch,the comic book
2249,die Avocado,the avocado
2250,der Zuhörer,the listener
2251,der Strom,the electricity
2252,der Ehemann,the husband
2253,die Wohnungssuche,the search for housing
2254,woher,where … from
2255,der Fußball,the football
2256,er,he
2257,schön,beautiful
2258,willkommen,to welcome
2259,liebe,dear
2260,der Keller,the celler
2261,das Lebensmittel,the groceries
2262,das Foto,the photo
2263,die Wohnungsanzeige,the flat advertisement
2264,sie,they
2265,unterstreichen,to emphasize
2266,das Gespräch,the interview
2267,nie,never
2268,der Wohnort,the place of residence
2269,nicht,not
2270,in,in
2271,die Sonne,the sun
2272,besser,better
2273,die Wand,the wall
2274,das Olivenöl,the olive oil
2275,denn,because
2276,geöffnet,open
2277,die Pause,the break
2278,das Reihenhaus,the terraced house
2279,jeder,every
2280,der Obstsalat,the fruit salad
2281,der Deutschkurs,the German course
2282,meistens,mostly
2283,die Hauptsache,the main thing
2284,dringend,urgent
2285,die Möhre,the carrot
2286,die Orange,the orange
2287,die Straße,the street
2288,der Donnerstag,Thursday
2289,der Supermarkt,the supermarket
2290,müssen,to have to
2291,die Mittagspause,the lunchtime
2292,wie,how
2293,die Person,the person
2294,finden,to find
2295,das Lammfleisch,the lamb meat
2296,die Badewanne,the bathtub
2297,viel,many
2298,die Anmeldung,the registration
2299,das Jahr,the year
2300,also,well
2301,schauen,to look
2302,ja,yes
2303,putzen,to clean
2304,die Hausaufgabe,the homework
2305,das Übungsbuch,the exercise book
2306,genau,exactly
2307,bisschen,a little
2308,der Müll,the rubbish
2309,der Rucksack,the backpack
2310,die Größe,the size
2311,die Kontrolle,the control
2312,der Montag,Monday
2313,das Viertel,the quarter to
2314,streichen,to paint
2315,die Idee,the idea
2316,die Schule,the school
2317,die Dusche,the shower
2318,die Anzeige,the advert
2319,erklären,to explain
2320,etwas,something
2321,die Landkarte,the map
2322,die Woche,the week
2323,der Kugelschreiber,the ball
2324,helfen,to help
2325,die E-mail,the email
2326,der Morgen,the morning
2327,der Einkaufszettel,the shopping list
2328,maximal,maximal
2329,die Marmelade,the jam
2330,der Familienname,the surname
2331,das Heimatland,the home country
2332,der Samstag,Saturday
2333,das Kursbuch,the course book
2334,heißen,to be called
2335,die Postleitzahl,the postcode
2336,sehr,very
2337,der Kuchen,the cake
2338,wann,when
2339,schmal,narrow
2340,der Kurs,the course
2341,nett,nice
2342,das Elektrogerät,the electronic device
2343,mittags,at midday
2344,das Haus,the house
2345,der Juni,the june
2346,halb,half past
2347,direkt,direct
2348,hören,to hear
2349,das Problem,the problem
2350,die Mengenangabe,the amount
2351,der Papierkorb,the waste paper bin
2352,die Telefonnummer,the telephone number
2353,brauchen,to need
2354,der Liter,the litre
2355,die Spülmaschine,the dishwasher
2356,das Hochhaus,the high
2357,der Tag,the day
2358,der Gast,the guest
2359,hell,light
2360,der Quadratmeter,the squaremetre
2361,weiter,further
2362,die Handynummer,the mobile number
2363,die Arbeit,the work
2364,das Brötchen,the bread roll
2365,die Sprachschule,the language school
2366,ruhig,peaceful
2367,was,what
2368,der Becher,the container
2369,sollen,to be supposed to
2370,wenn,if
2371,die Nacht,the night
2372,das WC,the WC
2373,die Diele,the hallway
2374,die Babynahrung,the baby food
2375,diese,this
2376,der Bauernhof,the farm
2377,die Kaffeemaschine,the coffee machine
2378,das Einfamilienhaus,the detached hosue
2379,Tschüss,bye
2380,noch,also
2381,das Pfund,the pound
2382,gemeinsam,together
2383,das Gerät,the appliance
2384,fragen,to ask
2385,der Spitzer,the pencil sharpener
2386,der Hunger,the hunger
2387,die Familie,the family
2388,spülen,to rinse
2389,nachmittags,in the afternoons
2390,es,it
2391,die Kaution,the deposit
2392,schreiben,to write
2393,oder,or
2394,das Obergeschoss,the upper floor
2395,über,about
2396,das Bistro,the bistro
2397,die Adresse,the address
2398,das Computerspiel,the computer game
2399,der Kontakt,the contact
2400,der Name,the name
2401,hier,here
2402,dazu,in addition
2403,kaufen,to buy
2404,der Altbau,the old building
2405,die Zitrone,the lemon
2406,mindestens,at least
2407,möbliert,furnished
2408,das Kilo,the kilo
2409,die Immobilie,the property
2410,die Grammatik,the grammar
2411,das Wochenende,the weekend
2412,antworten,to answer
2413,nur,only
2414,der Kleiderschrank,the wardrobe
2415,der Pudding,the pudding
2416,circa,around
2417,die Stunde,the hour
2418,der Stundenplan,the schedule
2419,die Bohne,the bean
2420,die Liste,the list
2421,ohne,without
2422,verwitwet,widowed
2423,das Bett,the bed
2424,planen,to plan
2425,bei,at
2426,das Buch,the book
2427,das Haustier,the pet
2428,das Fleisch,the meat
2429,vormittags,in the morning
2430,durch,through
2431,nachts,at night
2432,mögen,to like
2433,der Mittag,the midday
2434,das Angebot,the offer
2435,die Hilfe,the help
2436,der Monat,the month
2437,der Feiertag,the public holiday
2438,der Freitag,Friday
2439,ein,a
2440,endlich,finally
2441,hallo,hello
2442,billig,cheap
2443,gepflegt,looked after
2444,die Information,the information
2445,der Apfelsaft,the apple juice
2446,das Heft,the booklet
2447,verbinden,to connect
2448,das Bad,the bath
2449,der Abend,the evening
2450,immer,always
2451,der Zettel,the note
2452,super,super
2453,das Rindfleisch,the beef
2454,einkaufen,to shop
2455,die Packung,the packaging
2456,ungemütlich,uncomfortable
2457,Herr,Mr
2458,gern,very much
2459,der Honig,the honey
2460,machen,to make
2461,das Milchprodukt,the dairy product
2462,wunderschön,very beautiful
2463,mehr,more
2464,der Alltag,the everyday
2465,das Badezimmer,the bathroom
2466,der Raum,the room
2467,der Nachname,the last name
2468,so,so
2469,die Schwiegertochter,the step-daughter
2470,die Birne,the pear
2471,unser,our
2472,der Cent,the cent
2473,sonstiges,other
2474,auf,on
2475,gestern,yesterday
2476,das Bild,the image
2477,dein,your
2478,der Dialog,the dialogue
2479,der Tipp,the tip
2480,du,you
2481,das Blatt,the sheet
2482,mit,with
2483,suchen,to look for
2484,der Projektor,the projector
2485,singen,to sing
2486,anrufen,to call
2487,das Regal,the shelves
2488,für,for
2489,gemütlich,comfortable
2490,einige,a few
2491,dunkel,dark
2492,früh,early
2493,das Gramm,the gram
2494,sich,oneself
2495,die Schwägerin,the sister-in-law
2496,erst,first
2497,groß,big
2498,die Entschuldigung,the apology
2499,das Geschäft,the business
2500,der Mittwoch,Wednesday
2501,hängen,to hang
2502,fernsehen,to watch television
2503,anmelden,to register
2504,die Erdbeere,the strawberry
2505,das Kinderzimmer,the child's room
2506,der Herd,the stove
2507,werden,to become
2508,spazieren,to walk
2509,schade,shame
2510,die Zwiebel,the onion
2511,mein,my
2512,der Kursteilnehmer,the course participant
2513,zu,to
2514,buchstabieren,to spell
2515,kosten,to cost
2516,knifflig,tricky
2517,das Wiedersehen,the good bye
2518,das Mehrfamilienhaus,the apartment building
2519,ihr,her
2520,unbedingt,definitely
2521,draußen,outside
2522,der Keks,the biscuit
2523,das Ei,the egg
2524,der Kaffee,the coffee
2525,bis,until
2526,die Angabe,the detail
2527,vergleichen,to compare
2528,nach,after
2529,morgens,in the mornings
2530,die Miete,the rent
2531,der Schwiegervater,the step-father
2532,der Plan,the plan
2533,breit,wide
2534,insgesamt,in total
2535,der Kursraum,the classroom
2536,man,one
2537,langsam,slowly
2538,die Waschmaschine,the washing machine
2539,das Familienfoto,the family photo
2540,da,there
2541,die Sahne,the cream
2542,das Kind,the child
2543,das Schweinefleisch,the pork
2544,der Radiergummi,the eraser
2545,alles,everything
2546,zeichnen,to draw
2547,der Vorname,the forename
2548,die Kichererbse,the chickpea
2549,der Unterricht,the lesson
2550,die Limonade,the lemonade
2551,der Sonntag,Sunday
2552,die Eltern,the parents
2553,die Uhr,the clock
2554,die Nebenkosten,the additional costs
2555,ordnen,to order
2556,baden,to bath
2557,supergut,very good
2558,können,to be able to
2559,abends,in the evenings
2560,die Monatsmiete,the monthly rent
2561,pro,per
2562,die Karte,the card
2563,der Flur,the corridor
2564,stehen,to stand
2565,ich,I
2566,der Gruß,the greeting
2567,die Mandarine,the mandarine
2568,toll,great
2569,frühstücken,to breakfast
2570,das Land,the country
2571,grün,green
2572,die Tafel,the blackboard
2573,natürlich,of course
2574,der Couscous,the couscous
2575,das Spiel,the game
2576,der Text,the text
2577,wegziehen,to move away
2578,zu Fuß,on foot
2579,wir,we
2580,der Familienstand,the marital status
2581,die Traumwohnung,the dream flat
2582,die Pizza,the pizza
2583,die Aufgabe,the task
2584,liebsten,favourite
2585,der Spaß,the fun
2586,der Pilz,the mushroom
2587,die Cola,the cola
2588,Mai,May
2589,anbei,attached
2590,die Natur,the nature
2591,das Konzert,the concert
2592,der Stadtwald,the city forest
2593,die Stirn,the forehead
2594,der Seehund,the seal
2595,die Hand,the hand
2596,fahren,to travel
2597,das Paar,the pair
2598,der Verband,the association
2599,das Schwimmbad,the swimming pool
2600,besten,best
2601,lustig,funny
2602,das Weihnachten,the Christmas
2603,reparieren,to repair
2604,das Wiederhören,the
2605,mitbringen,to bring with
2606,der Sportschuh,the trainer
2607,freundlich,friendly
2608,prüfen,to check
2609,raten,to advise
2610,das Meer,the ocean
2611,die Hausfrau,the housewife
2612,geboren sein,to be born
2613,das Haar,the hair
2614,die Unterschrift,the signature
2615,die Einzelfahrkarte,the single ticket
2616,der Besuch,the visit
2617,gerade,at the moment
2618,die Farbe,the colour
2619,Juli,July
2620,der Brief,the letter
2621,der Schüler,the schoolchild
2622,der Betreff,the subject line
2623,der Osten,the east
2624,das T-shirt,the T-shirt
2625,der Taxifahrer,the taxi driver
2626,die Kurzstrecke,the short
2627,die Insel,the island
2628,zweimal,twice
2629,der Hase,the rabbit
2630,später,later
2631,das Pflaster,the plaster
2632,der Zeh,the toe
2633,der Ski,the ski
2634,die Strickjacke,the cardigan
2635,der Geburtstag,the birthday
2636,der Orthopäde,the orthopaedist
2637,warten,to wait
2638,der Roman,the novel
2639,bauen,to build
2640,der Weg,the path
2641,das Altenpflegeheim,the old people's home
2642,der Parkplatz,the car park
2643,überhaupt,at all
2644,der Automechaniker,the car mechanic
2645,sowieso,anyway
2646,günstig,good value
2647,das Computerprogramm,the computer programme
2648,das Jobcenter,the job centre
2649,installieren,to install
2650,die Postkarte,the postcard
2651,der Moment,the moment
2652,die Kleidung,the clothing
2653,die Minute,the minute
2654,halten,to stop
2655,der Schneemann,the snowman
2656,die Ansage,the announcement
2657,dafür,for that
2658,die Inselrundfahrt,the island tour
2659,früher,earlier
2660,die Brust,the chest
2661,der Unglückstag,the unlucky day
2662,der Koch,the chef
2663,der Metzger,the butcher
2664,unter,under
2665,sein,his
2666,die Deutschlandkarte,the map of Germany
2667,die Kopfschmerzen,the headache
2668,dreimal,three times
2669,das Bürgerbüro,the local city office
2670,das Ostern,the Easter
2671,das Westdeutschland,the West Germany
2672,per,by
2673,die Gartenparty,the garden party
2674,schwanger,pregnant
2675,die Jahreszeit,the season
2676,gefallen,to please
2677,die Polizei,the police
2678,der Einkaufsbummel,the shopping spree
2679,fallen,to fall
2680,extra,extra
2681,die Bauchschmerzen,the stomach ache
2682,das Kleidungsstück,the item of clothing
2683,positiv,positive
2684,die Praktikumsbetreuerin,the internship supervisor
2685,minus,minus
2686,der Informationsschalter,the information desk
2687,die Post,the post office
2688,organisieren,to organise
2689,einverstanden,agreed
2690,das Wartezimmer,the waiting room
2691,die Ärztin,the female doctor
2692,der Pizzafahrer,the pizza driver
2693,das Computersystem,the computer system
2694,der Norden,the north
2695,flexibel,flexible
2696,der Anzug,the suit
2697,furchtbar,terrible
2698,der Meter,the metre
2699,das Wetter,the weather
2700,das Sprechzimmer,the consultation room
2701,wollen,to want
2702,der Park,the park
2703,bringen,to bring
2704,die Ordnung,the order
2705,der Schienenersatzverkehr,the replacement bus service
2706,der Schnupfen,the to sniff
2707,nebelig,foggy
2708,der Weihnachtsmann,the Santa claus
2709,der Chef,the boss
2710,die Fahrkarte,the travel ticket
2711,die Orientierung,the orientation
2712,der Frühling,the spring
2713,nachfragen,to ask about
2714,das Halsweh,the sore throat
2715,die Volkshochschule,the adult education centre
2716,der Süden,the south
2717,das Ferienhaus,the holiday home
2718,uns,us
2719,der Feierabend,the finishing time
2720,die Feier,the celebration
2721,das Auto,the car
2722,der Hausmann,the househusband
2723,die Reparatur,the repair
2724,die Braut,the bride
2725,der März,the march
2726,eng,tight
2727,kreativ,people
2728,dürfen,to be allowed to
2729,der Fußballspieler,the football player
2730,genauso,equally
2731,krank,ill
2732,die Hochzeitsfeier,the wedding party
2733,die Sprechstundenhilfe,the receptionist
2734,öffentlich,public
2735,der Stress,the stress
2736,der Briefteil,the part of letter
2737,der Traumberuf,the dream job
2738,der Bus,the bus
2739,der Mechaniker,the mechanic
2740,die Kreuzung,the crossroads
2741,lila,purple
2742,der Nachbar,the neighbour
2743,die Gesundheitskarte,the health insurance card
2744,links,left
2745,November,November
2746,der Stadtplan,the city map
2747,der Flughafen,the airport
2748,der Intercity,the intercity
2749,der Bahnhof,the train station
2750,die Pflege,the care
2751,der Sekt,the sparking wine
2752,eben,even
2753,der Strumpf,the stocking
2754,Hustensaft,cough syrup
2755,das Weihnachtsgeschenk,the Christmas present
2756,verschieden,different
2757,die Praxis,the practice
2758,das Osterei,the easter egg
2759,der Bäcker,the baker
2760,die Straßenbahn,the tram
2761,der Rentner,the pensioner
2762,heiß,hot
2763,die Parkgebühr,the parking fee
2764,das Motorrad,the motorcycle
2765,die Oma,the Grandma
2766,die Tageskarte,the day ticket
2767,der Empfänger,the recipient
2768,ihm,him
2769,steigen,to climb
2770,nass,wet
2771,stressig,stressful
2772,gegenseitig,mutual
2773,die Haltestelle,the stop
2774,schicken,to send
2775,das Studium,the course of study
2776,außerplanmäßig,unscheduled
2777,der Jogginganzug,the tracksuit
2778,die Gitarre,the guitar
2779,der Hauptbahnhof,the main train station
2780,der Bescheid,the notice
2781,die Kasse,the cash register
2782,wiederkommen,to come again
2783,die Reise,the journey
2784,der Luftballon,the air balloon
2785,schenken,to gift
2786,samstags,on saturdays
2787,das Hobby,the hobby
2788,stundenlang,for hours
2789,der Krankenpfleger,the nurse
2790,das Tennis,the tennis
2791,die Hochzeit,the wedding
2792,braun,brown
2793,online,online
2794,der Techniker,the technician
2795,die Ankunftszeit,the arrival time
2796,die Weihnachtsfeier,the Christmas party
2797,räumen,to clear
2798,schneien,to snow
2799,der Papa,the dad
2800,das Modell,the model
2801,hageln,hail
2802,der Dienst,the service
2803,bestimmt,certainly
2804,klingeln,to ring
2805,die Krankenkasse,the health insurance
2806,verstanden,understood
2807,die Regionalbahn,the regional train
2808,die Apotheke,the pharmacy
2809,die Bushaltestelle,the bus stop
2810,der Arbeitstag,the work day
2811,die Klamotten,the clothes
2812,die Leute,the people
2813,der Wochenmarkt,the weekly market
2814,die Pizzeria,the pizzeria
2815,ausfüllen,to fill out
2816,das Mittagessen,the lunch
2817,das Gleis,the platform
2818,der Pullover,the jumper
2819,lieben,to love
2820,die Jeans,the jeans
2821,der Körperteil,the body part
2822,die Mama,the mum
2823,die Salbe,the ointment
2824,der Erwachsene,the adult
2825,aufwachsen,to grow up
2826,stellen,to set
2827,rechts,right
2828,nächster,next
2829,das Medikament,the medicine
2830,das Fest,the party
2831,beige,beige
2832,der Ellbogen,the elbow
2833,meisten,most
2834,das Kaufhaus,the department store
2835,typisch,typical
2836,wechseln,to change
2837,das Verkehrsmittel,the means of transport
2838,sicher,secure
2839,der Husten,the cough
2840,pünktlich,on time
2841,das Oktoberfest,the Octoberfest
2842,der Wintermantel,the winter coat
2843,die Sprechstunde,the consultation hours
2844,die Bank,the bank
2845,der Prospekt,the prospect
2846,der Glückstag,the lucky day
2847,das Standesamt,the registry office
2848,dritte,third
2849,die Besserung,the recovery
2850,die Vorsorge,the provision
2851,der Schokoladenkuchen,the chocolate cake
2852,die Anrede,the speech
2853,das Knie,the knee
2854,der Führerschein,the driver's license
2855,der Wetterbericht,the weather report
2856,Dank,Thanks
2857,das Entschuldigungsschreiben,the letter of apology
2858,die Universität,the university
2859,wohin,where to
2860,die Verfügung,the availability
2861,die Mode,the fashion
2862,gültig,valid
2863,vorbei,past
2864,zurück,return
2865,der Wechsel,the change
2866,das Taxi,the taxi
2867,vorne,at the front
2868,aufregen,to get excited
2869,der Musiklehrer,the music teacher
2870,gucken,to watch
2871,geradeaus,straight ahead
2872,das Fahrrad,the bicycle
2873,die Himmelsrichtung,the compass point
2874,froh,glad
2875,die Achtung,the caution
2876,die Praxisgemeinschaft,the joint practice
2877,die Linie,the line
2878,servieren,to serve
2879,das Krankenhaus,the hospital
2880,der Osterhase,the easter bunny
2881,die Geburtstagstorte,the birthday cake
2882,bilden,to form
2883,das Eis,the ice cream
2884,wehtun,to hurt
2885,halbtags,halfdays
2886,nichts,nothing
2887,Januar,January
2888,der Nacken,the neck
2889,regelmäßig,regularly
2890,die Schulter,the shoulder
2891,der Patient,the patient
2892,unglücklich,unhappy
2893,die Krankmeldung,the sick note
2894,packen,to pack
2895,die Mobilität,the mobility
2896,der Nachtdienst,the night shift
2897,unregelmäßig,infrequent
2898,die Notfallsprechstunde,the emergency consultation
2899,die Tablette,the tablet
2900,der Reporter,the reporter
2901,der Februar,February
2902,die Kantine,the cantine
2903,das Kraftfahrzeug,the motor vehicle
2904,der Hals,the throat
2905,reden,to talk
2906,der Bürokaufmann,the office administrator
2907,der Weihnachtsbaum,the Christmas tree
2908,der Zahn,the tooth
2909,der Rock,the skirt
2910,rechnen,to calculate
2911,der Hausarzt,the GP
2912,der Kassierer,the cashier
2913,der Fahrgast,the passenger
2914,die Kauffrau,the business woman
2915,erkälten,to get a cold
2916,atmen,to breathe
