German,English
fähig,able
abwesend,absent
absolut,absolute
akzeptabel,acceptable
quer,across
tätig,active
real,actual
untereinander,among each other
nervig,annoying
ängstlich,anxious
jedenfalls,anyway
auseinander,apart
angemessen,appropriate
gegebenenfalls,as applicable
beliebig,as desired
solange,as long as
erstaunlich,astonishing
zumindest,at least
höchstens,at most
frühestens,at the earliest
momentan,at the moment
zeitgleich,at the same time
automatisch,automatic
autonom,autonomous
verfügbar,available
vermeidbar,avoidable
bankrott,bankrupt
jmdm. böse sein (ugs.),be angry with sb
zuvor,before
mutig,brave
berufssprachlich,business language
anhand,by means of
abbrechen,cancel
berufsbezogen,career-related
kausal,causal
zentral,central
gewiss,certain
zertifiziert,certified
geprüft,checked
cif,cif
klassisch,classic
geschäftlich,commercial
gängig,common
wettbewerbsfähig,competitive
komplett,complete
vollkommen,completely
komplex,complex
konservativ,conservative
erheblich,considerable
konsequent,consistent
konstruktiv,constructive
erreichbar,contactable
heutig,contemporary
kontinuierlich,continually
vertraglich,contractual
herkömmlich,conventional
gekocht,cooked
ätzend,corrosive
rentenversichert,covered by pension insurance
cremeweiß,cream
derzeitig,current
derzeit,currently
täglich,daily
gefährlich,dangerous
dunkelblau,dark blue
dunkelgrau,dark green
benommen,dazed
erwünscht,desired
trotz,despite
detailliert,detailed
beeinträchtigend,detrimental
gegenstandslos,devoid of purpose
diagnostisch,diagnostic
digital,digital
DIN,DIN
verschmutzt,dirty
respektlos,disrespectful
machbar,do-able
dual,dual
fällig,due
dynamisch,dynamic
betriebswirtschaftlich,economic
wirtschaftlich,economical
schulisch,educational
effektiv,effective
erwerbstätig,employed
energieeffizient,energy-efficient
enorm,enormous
insbesondere,especially
hervorragend,excellent
ausgegrenzt,excluded
ausschließlich,exclusively
extern,external
extrem,extreme
gerecht,fair
familiär,familial
familienfreundlich,family-friendly
zimperlich,finicky
zunächst,first
steuerlich,fiscal
platt,flat
fob,fob
entgeltlich,for a fee
beispielsweise,for example
umsonst,for nothing
Standardization),for Standardization)
gratis,free
freiberuflich,freelance
fortan,from now on
lebenslustig,fun-loving
sanft,gently
global,global
brutto,gross
geschehen,happened
fröhlich,happy
fleißig,hard-working
HD,HD
festgehalten,held tight
dennoch,however
eh,huh
ideal,ideal
unverzüglich,immediate
gelaunt,in a
pflegebedürftig,in need of care
kleinschrittig,in small steps
vorrätig,in stock
diesbezüglich,in this regard
zweiteilig,in two parts
ausführlich,in-depth
hauseigen,in-house
ungenau,inaccurate
selbstständig,independent
einzeln,individual
unwirksam,ineffective
mangelnd,insufficient
intensiv,intensive
interkulturell,inter-cultural
ISO,ISO
arbeitssuchend,job-seeking
sowie,just as
hellgrau,light green
ebenfalls,likewise
beladen,loaded
örtlich,local
logisch,logical
niedrig,low
hauptsächlich,mainly
methodisch,methodical
mittellang,mid-length
fahrbar,mobile
bescheiden,modest
monoton,monotonous
zudem,moreover
notwendig,necessary
negativ,negative
netto,net
unterfordert,not challenged enough
nichtselbstständig,not self-employed
heutzutage,nowadays
sachlich,objective
gelegentlich,occasionally
volljährig,of age
allgemeinbildend,of general educational value
derartig,of its type
oftmals,oftentimes
Ach du meine Güte!,oh my goodness!
altmodisch,old-fashioned
beiderseits,on both sides
anlässlich,on the occasion of
rückseitig,on the reverse
einmalig,one-time
einwöchig,one-week
verkaufsoffen,open for business
betrieblich,operational
organisatorisch,organisational
unmodern,out of fashion
veraltet,outdated
ambulant,outpatient
überfordert,overwhelmed
parallel,parallel
zumal,particularly as
perlmuttfarben,pearly
pädagogisch,pedagogical
permanent,permanent
körperlich,physically
pragmatisch,pragmatic
frühzeitig,premature
premium,premium
anwesend,present
jetzig,present-day
gepresst,pressed
Verbesserungsprozess),process)
produktiv,productive
ordnungsgemäß,properly
stolz,proud
psychisch,psychological
qualifiziert,qualified
unüberlegt,rash
realistisch,realistic
betanken,refuelling
regulär,regular
entspannt,relaxed
relevant,relevant
zulässig,reliable
übrig,remaining
erneuerbar,renewable
schulpflichtig,required to attend school
respektvoll,respectful
jeweilig,respective
beziehungsweise,respectively
ansprechbar,responsive
gespült,rinsed
skeptisch,sceptical
wissenschaftlich,scientific
zerkratzt,scratched
wählbar,selectable
selbstbewusst,self-confident
dienstältere,senior
sensibel,sensitive
spitz,sharp
glänzend,shiny
kurzfristig,short-term
schüchtern,shy
wesentlich,significant
alleinerziehend,single
sodass,so that
anderswo,somewhere else
souverän,sovereign
platzsparend,space-saving
spontan,spontaneous
frühlingsgrün,spring green
einheitlich,standard
genormt,standardised
staatlich,state
geradewegs,straightaway
gestresst,stressed
nachfolgend,subsequent
fundiert,substantiated
genügend,sufficient
geeignet,suitable
sonnengelb,sunshine yellow
sicherlich,surely
flink,swift
gezielt,targeted
befristet,temporary
dankbar,thankful
das Accessoire,the accessory
der Arbeitsunfall,the accident at work
die UV,the accident insurance
der Unfallort,the accident scene
der Buchhalter,the accountant
die Buchführung,the accounting
die Aufstockung,the accumulation of capital
der Vorwurf,the accusation
die Tätigkeit,the activity
die Administration,the administration
die Verwaltungsaufgabe,the administrative task
das Jugendalter,the adolescence
das Erwachsenenalter,the adulthood
die Werbung,the advertisement
der Werbeslogan,the advertising slogan
die Interessenvertretung,the advocacy group
der Afrorap,the Afro rap
die Altersklasse,the age bracket
die Altersgruppe,the age group
die Altersbegrenzung,the age limit
die Agenda,the agenda
die Vereinbarung,the agreement
die Klimaanlage,the air conditioning system
die Klimatechnik,the air conditioning technology
der Alaskaseelachs,the alaska pollack
die Zuordnung,the allocation
die Mandel,the almond
die Wechselschicht,the alternate shift
der Krankenwagen,the ambulance
die Analyse,the analysis
die Ankündigung,the announcement
die Jahresbilanz,the annual balance sheet
der Jahresurlaub,the annual leave
das Vorgehen,the approach
die Genehmigung,the approval
die Schürze,the apron
das Gebiet,the area
das Argument,the argument
die Terminabstimmung,the arrangement of appointment
der Pfeil,the arrow
die Artischocke,the artichoke
die Artikelbezeichnung,the article description
der Aspekt,the aspect
die Montage,the assembly
die Montageanleitung,the assembly instruction
das Sortiment,the assortment
der Atlantik,the atlantic
die Atmosphäre,the atmosphere
der Anhang,the attachment
der Dachboden,the attic
das Audit,the audit
die Automatisierungstechnik,the automation technology
die Automobilindustrie,the automotive industry
die Automobilherstellung,the automotive manufacturing
der Automobilzulieferer,the automotive supplier
das Vordach,the awning
die Sicherungskopie,the backup copy
das Gleichgewicht,the balance
der Bankettsaal,the banquet hall
das Flachbild,the bas-relief
die Grundpflege,the basic care
die Grundbildung,the basic education
die Grundlage,the basis
das Baddesign,the bathroom design
der Akku,the battery
die Frühstückspension,the bed and breakfast
das Rind,the beef
der Fahrradhändler,the bicycle dealer
die Blutung,the bleeding
die Sperrzeit,the blocking time
der Blog,the blog
der Bauplan,the blueprint
die Vorstandssitzung,the board meeting
die Bücherkiste,the book box
der Bücherschrank,the book cupboard
der Bücherflohmarkt,the book flea market
die Buchung,the booking
die Buchungsnummer,the booking number
das Bücherregal,the bookshelf
die Kiste,the box
die Halterung,the bracket
die Branche,the branch
die Marke,the brand
die Pausenzeit,the break period
die Pausenregelung,the break regulation
das Frühstücksbüfett,the breakfast buffet
der Frühstücksraum,the breakfast room
der Frühstücksablauf,the breakfast times
die Kurzanleitung,the brief instruction
der Prospektständer,the brochure rack
die Buchungsbestätigung,the Buchungsbestätigungen booking confirmation
das Budget,the budget
der Einbauherd,the built-in oven
die Last,the burden
der Burnout,the burnout
die Visitenkarte,the business card
der Geschäftsbrief,the business letter
die Geschäftschance,the business opportunity
die Betriebsstätte,the business premises
die Geschäftsreise,the business trip
die Kabeltrommel,the cable reel
die Kalenderfunktion,the calendar function
der Kalendermonat,the calendar month
das Kalenderjahr,the calendar year
die Ausschreibung,the call for tender
das Kantinenpersonal,the canteen staff
die Kappe,the cap
die Kapazität,the capacity
der Mietautoservice,the car rental service
die Fahrgemeinschaft,the car sharing
das Autohaus,the car showroom
die Kartenzahlung,the card payment
die Pflege,the care
das Pflegeheim,the care home
das Seniorenstift,the care home for the elderly
die Pflegemaßnahme,the care measure
die Altenpflege,the care of the elderly
das Betreuungsangebot,the care offer
der Pflegedienst,the care service
der Pflegebedürftige,the care-dependent person
die Karriere,the career
die Berufsmöglichkeit,the career opportunity
die Berufschance,the career prospect
der Pfleger,the carer
der Schreiner,the carpenter
die Barzahlung,the cash payment
der Zementsack,the cement sack
der Zentimeter,the centimetre
das Cerankochfeld,the ceramic hob
die Zertifizierung,the certification
die Industrie und Handelskammer,the chamber of industry and commerce
die Chance,the chance
der Wandel,the change
die Eigenschaft,the characteristic
das Ladegerät,the charger
die Anrechnung,the charges
der Chat,the chat
die Frohnatur,the cheerful nature
der Apothekerschrank,the chemist’s cupboard
die Tagesmutter,the child minder
die Kinderbetreuung,the childcare
der Kindersitz,the children’s seat
das Weihnachtsgeschäft,the Christmas sales
die Kirchensteuer,the church tax
der KVP,the cip
der Umstand,the circumstance
der Stadtrat,the city counsellor
der Anspruch,the claim
die Einteilung,the classification
die Klausel,the clause
die Aufräumarbeit,the clean-up work
die Reinigungskraft,the cleaner
die Reinigung,the cleaning
das Reinigungsmittel,the cleaning agent
die Klinik,the clinic
die Schließung,the closing-down
der Coach,the coach
der Kaffeevollautomat,the coffee machine
die Kälte,the cold
die Wurstplatte,the cold meat platter
die Kollektion,the collection
die Bequemlichkeit,the comfort
die Handelssprache,the commercial language
die Betriebsvereinbarung,the company agreement
der Firmenkunde,the company client
die Firmenkultur,the company culture
der Betriebskindergarten,the company nursery
die Firmenphilosophie,the company philosophy
das Firmengelände,the company property
der Firmentransporter,the company transporter
der Vergleich,the comparison
die Vereinbarkeit,the compatibility
die Kompetenz,the competency
die Konkurrenz,the competition
die Einhaltung,the compliance
die Gelassenheit,the composure
das Computerzubehör,the computer accessories
das Konzentrat,the concentrate
der Beton,the concrete
die Kondition,the condition
die Konferenz,the conference
das Konferenzzentrum,the conference centre
das Messehotel,the conference hotel
der Tagungsraum,the conference room
die Konfession,the confession
das Selbstvertrauen,the confidence
die Verschwiegenheitspflicht,the confidentiality agreement
das Konfliktverhalten,the conflict behaviour
das Konfliktgespräch,the conflict discussion
der Kongress,the congress
das Verbindungsstück,the connecting piece
die Flugverbindung,the connection
der Anschlusskontakt,the connector contact
die Zustimmung,the consent
die Folge,the consequence
die Berücksichtigung,the consideration
der Bau,the construction
die Baufirma,the construction company
die Baustelle,the construction site
der Ansprechpartner,the contact person
die Erreichbarkeit,the contactability
der Inhalt,the content
die Fortzahlung,the continued payment
die Vertragsänderung,the contract amendment
der Beitrag,the contribution
das Controlling,the controlling
die Tagung,the convention
die Kooperation,the cooperation
die Kernzeit,the core working hours
die Unternehmenskultur,the corporate culture
die Unternehmensstruktur,the corporate structure
die Baumwolle,the cotton
die Landesgrenze,the country border
der Geschäftsablauf,the course of business
das Cover,the cover
die Abdeckung,the coverage
der Handwerksberuf,the craftsman's trade
der Handwerksbetrieb,the craftsman’s business
das Kriterium,the criteria
die Kritik,the critic
die Moderationskarte,the cue card
der Herdumbauschrank,the cupboard enclosing oven
der Spülenumbauschrank,the cupboard enclosing sink
die Kurpackung,the cure package
das Kissen,the cushion
der Kissenbezug,the cushion cover
der Kundenrabatt,the customer discount
das Kundengespräch,the customer meeting
die Kundenbewertung,the customer rating
die Kundenunterlagen,the customer records
die Kundenzufriedenheit,the customer satisfaction
der Kundenservice,the customer service
der Kundenberater,the customer service advisor
der Schnitt,the cut
das Datenblatt,the data sheet
der Tod,the death
das Streitgespräch,the debate
die Delegation,the delegation
die Lieferadresse,the delivery address
die Lieferkosten,the delivery costs
die Lieferschwierigkeit,the delivery difficulty
der Lieferschein,the delivery slip
die Lieferzeit,the delivery time
der Lieferwagen,the delivery van
der Zahnarzthelfer,the dental assistant
die Abreise,the departure
die Depression,the depression
die Bezeichnung,the description
die Wegbeschreibung,the description of the route
das Design,the design
die Einzelheit,the detail
die Festlegung,the determination
die Entwicklung,the development
die Schwierigkeit,the difficulty
die Lastschrift,the direct debit
die Behinderung,the disability
der Rabatt,the discount
die Diskussion,the discussion
das Display,the display
die Unzufriedenheit,the dissatisfaction
die Distanz,the distance
der Fernunterricht,the distance learning
der Fernkurs,the distance learning course
der Auslandsvertrieb,the distribution abroad
der Händler,the distributor
der Bezirk,the district
die Kreisstadt,the district town
der Arzthelfer,the doctor’s assistant
der Spender,the donor
der Bohrhammer,the drill hammer
der Fahrersitz,the driver’s seat
die Dropbox,the dropbox
der Probedurchlauf,the dry-run
die Zeitdauer,the duration
das E-Learning,the e-learning
die Frühschicht,the early shift
der E-Book-Reader,the ebook reader
die EC-Karte,the ec card
die Bildung,the education
der Bildungsserver,the education server
die Bildungseinrichtung,the educational facility
der Bildungsabschluss,the educational level
die Auswirkung,the effect
die Wirksamkeit,the effectiveness
das Achtel,the eighth
die Einverständniserklärung,the Einverständniserklärungen declaration of consent
der Elektromarkt,the electrical store
der Elektriker,the electrician
die Elektrotechnik,the electro-technology
das Elektrogerät,the electronic device
das Element,the element
der Notfall,the emergency
das Notfallzentrum,the emergency centre
der Notarzt,the emergency doctor
der Notausgang,the emergency exit
die Notfallnummer,the emergency number
der Notfallsanitäter,the emergency paramedic
die Notsituation,the emergency situation
die Unfallchirurgie,the emergency surgery
der Arbeitnehmer,the employee
das Mitarbeitermeeting,the employee meeting
die Beschäftigung,the employment
der Arbeitsvermittler,the employment agency
die Arbeitsförderung,the employment promotion
das Jahresende,the end of the year
die Energieeffizienzklasse,the energy efficiency class
das Entrecôte,the entrecôte steak
das Umfeld,the environment
die Gleichberechtigung,the equal rights
die Flucht,the escape
der Fluchtweg,the escape route
die Errichtung,the establishment
die Evakuierung,the evacuation
die Evaluation,the evaluation
das Volkshochschulprogramm,the evening classes programme
der Veranstalter,the event organiser
der Beweis,the evidence
die Führungskraft,the executive
die Managerkrankheit,the executive burnout
die Geschäftsleitung,the executive committee
die Leistungsschau,the exhibition
der Aussteller,the exhibitor
der Bestandskunde,the existing customer
der Exot,the exotic person
das Fachwissen,the expert knowledge
der Expertenbericht,the expert report
der Export,the export
der Ausdruck,the expression
das Maß,the extent
der Außentermin,the external appointment
die Außenbeleuchtung,the external lighting
die Dunstabzugshaube,the extractor hood
die Augenschädigung,the eye damage
die Fabrik,the fabric
das Stoffmuster,the fabric pattern
der Fakt,the fact
das Werk,the factory
die Vertrautheit,the familiarity
die Familientradition,the family tradition
das Lieblingsstofftier,the favourite stuffed animal
die Bundesagentur für Arbeit,the Federal Employment Agency
die Geborgenheit,the feeling of security
die Feuerlöscheinrichtung,the Feuerlöscheinrichtungen fire extinguishing unit
das Feld,the field
die Akte,the file
die Finanzabteilung,the finance department
das Fingerfood,the finger food
die Feuerwehr,the fire brigade
der Ersthelfer,the first aider
das Festgeld,the fixed deposit
die Flatrate,the flat rate
die Flexibilität,the flexibility
die Gleitzeit,the flexible working hours
der Flipchart,the flip chart
die Etage,the floor
die Flüssigkeit,the fluid
der Flyer,the flyer
der Zollstock,the folding ruler
das Folgejahr,the following year
die Essensausteilung,the food distribution
die Nahrungsaufnahme,the food intake
der Lebensmitteltechniker,the food technician
die Fußverletzung,the foot injury
die Zukunftsprognose,the forecast
der Vorarbeiter,the foreman
der Gabelstapler,the forklift trucks
die Anredeform,the form of address
die Ausbildungsform,the form of training
der Rahmen,the frame
die Honorartätigkeit,the freelance job
der Freiberufler,the freelancer
das Spiegelei,the fried egg
die Front,the front
der Beifahrersitz,the front passenger seat
die Ganztagsschule,the full-time school
die Funktion,the function
die Förderung,the funding
das Möbelhaus,the furniture store
die Weiterentwicklung,the further development
die Zukunftsaussicht,the future prospect
die Gartenterrasse,the garden patio
das Gasrohr,the gas pipe
der Gott,the god
das GPS,the GPS
der Großraum,the greater area
die Grünpflanze,the green plant
die Bruttovergütung,the gross compensation
das Bruttogehalt,the gross income
das Gelände,the grounds
der Konzern,the group
die Garantie,the guarantee
der Gasthof,the guest house
das Fremdenzimmer,the guest room
die Pension,the guesthouse
die Anleitung,the guidance
die Richtlinie,the guideline
der Friseur,the hairdresser
die Handtasche,the handbag
der Griff,the handle
der Hängeschrank,the hanging cabinet
der Hängeeckschrank,the hanging corner cabinet
die Hard Skills,the hard skills
der Hut,the hat
die Spedition,the haulage
die Kopfverletzung,the head injury
der Abteilungsleiter,the head of department
die Personalleitung,the head of personnel
der Hauptsitz,the headquarters
das Gesundheitszentrum,the health centre
der Gehörschutz,the hearing protection
die Heizungstherme,the heater
der Heizungsanschluss,the heating connection
das Heizungsrohr,the heating pipe
die Heizungsinstallation,the heating system
die Heizungsanlage,the heating unit
die Höhe,the height
der Helfer,the helper
die KV,the HI
die Hierarchie,the hierarchy
die Hochschulreife,the higher education entrance qualification
die Bestnote,the highest mark
die Ferien,the holidays
das Heim,the home
die Homepage,the home page
die Hausarbeit,the homework
die Hoffnung,the hope
die Bewirtung,the hospitality
das Gastgewerbe,the hospitality industry
das Wohnheim,the hostel
das Hotelbuchungsportal,the hotel booking portal
die Hotelkategorie,the hotel category
der Hotelkaufmann,the hotel manager
die HR,the hr
das Menschenleben,the human life
der Personalkaufmann,the human resource manager
der Idiot,the idiot
die Abbildung,the illustration
das Image,the image
die Durchsetzung,the implementation
die Wichtigkeit,the importance
der Eindruck,the impression
die Verbesserung,the improvement
die Arbeitsunfähigkeit,the inability to work
der Eingang,the inbox
der Vorfall,the incident
die Eingliederung,the inclusion
die Lohnsteuer,the income tax
die Unannehmlichkeit,the inconvenience
das Gewerbegebiet,the industrial estate
der Industriemeister,the industrial foreman
die Großküche,the industrial kitchen
die Industrieanlage,the industrial plant
die Branchenkenntnis,the industry knowledge
das Informationsblatt,the information sheet
die Informatik,the information technology
der Verletzte,the injured person
die Verletzung,the injury
der Innenhof,the inner courtyard
die Innovation,the innovation
die Aufstellung,the installation
der Installateur,the installation technician
das Institut,the institute
das Instrument,the instrument
das Vorhaben,the intention
die Zwischenzeit,the interim period
die Innenbeleuchtung,the internal lighting
die Hauspost,the internal mail
die Internetbewerbung,the internet job application
die Internetseite,the internet page
das Internetportal,the internet portal
der Dolmetscher,the interpreter
der Eingriff,the intervention
die Inventur,the inventory
der Investor,the investor
die Ausgabe,the issue
die Stückzahl,the item no.
der Tagesordnungspunkt,the item of the agenda
die Reiseroute,the itinerary
die Stellenausschreibung,the job advertisement
das Arbeitsamt,the job centre
das Bewerbungsgespräch,the job interview
der Arbeitsmarkt,the job market
l,the job outline
der Witz,the joke
der Journalist,the journalist
das Ermessen,the judgement
das Saftkonzentrat,the juice concentrate
die Tastatur,the keyboard
die Küchenzeile,the kitchen unit
das Wissen,the knowledge
das Laboratorium,the laboratory
die Platzwunde,the laceration
das Lamm,the lamb
das Lammcarré,the lammcarré
das Leuchtmittel,the lamp
die Sprachförderung,the language development
die Sprachkenntnis,the language skill
das Großlager,the large warehouse
die Spätschicht,the late shift
der Wäschereiservice,the laundry service
die Anordnung,the layout
die Führungsqualität,the leadership quality
das Lernangebot,the learning opportunity
der Urlaubsanspruch,the leave entitlement
die LED,the LED
der Beschwerdebrief,the letter of complaint
das Motivationsschreiben,the letter of motivation
die Verbindlichkeit,the liability
der Lebensgefährte,the life partner
die Zeile,the line
der Link,the link
die Belastungssituation,the load situation
der Ladevorgang,the loading process
das Darlehen,the loan
der Standort,the location
die Ortungsfunktion,the location function
das Login,the log-in
die Logistik,the logistics
das Logo,the logo
der Fernfahrer,the long-haul truck driver
der Lautsprecher,the loud speaker
der Unterschrank,the lower cabinet
die AG,the ltd.
das Schmiermittel,the lubricating agent
die Maschine,the machine
der Machospruch,the macho-talk
der Magnet,the magnet
das Zimmermädchen,the maid
der Versandhandel,the mail order business
das Hauptmenü,the main menu
die Kernarbeitszeit,the main working hours
die Wartung,the maintenance
der Wartungsvertrag,the maintenance contract
der Wartungsdienst,the maintenance service
der Großteil,the majority
die Freistellung,the making available
die Männerdomäne,the man’s world
das Management,the management
der Leiter,the manager
der Abwasserschacht,the manhole
der Hersteller,the manufacturer
die Fertigungstechnik,the manufacturing technology
die Marmoroptik,the marble-look
der Marker,the marker
die Marktstudie,the market study
die Marketingabteilung,the marketing department
die Werbestrategie,the marketing strategy
der Master,the master’s degree
die Angelegenheit,the matter
der Bürgermeister,the mayor
die Mahlzeit,the mealtime
die Maßnahme,the measure
das Mediendesign,the media design
die Medienbranche,the media industry
das Meeting,the meeting
die Besprechungsunterlagen,the meeting documents
das Mitglied,the member
die Pflegekraft,the member of nursing staff
die Speicherkarte,the memory card
die Betreuung,the mentoring
das Menü,the menu
die Metallindustrie,the metal industry
die Methode,the method
der Mikrozensus,the micro census
der Mikrokredit,the micro loan
die Mikrowelle,the microwave
die Mitte,the middle
der Migrationshintergrund,the migrant background
der Kilometerstand,the mileage
die Mindmap,the mind map
der Minijob,the mini job
der Mindesturlaub,the minimum leave
der Protokollführer,the minute keeper
das Missverständnis,the misunderstanding
die Handyzahlung,the mobile payment
das Mobiltelefon,the mobile telephone
die Veränderung,the modification
der Augenblick,the moment
die Stimmung,the mood
die Motivation,the motivation
die Autobahn,the motorway
das Müsli,the muesli
die Naturwissenschaft,the natural science
die Navigation,the navigation
die Navigationsfunktion,the navigation function
die Notwendigkeit,the necessity
die Verhandlungsbasis,the negotiating basis
die Verhandlung,the negotiation
der Nettobetrag,the net amount
der Nettoverdienst,the net earnings
das Nettogehalt,the net income
der Nettopreis,the net price
der Netzwerkanschluss,the network connection
die Neueinstellung,the new appointment
die Nachtschicht,the night shift
die Norm,the norm
der Nordwesten,the northwest
das Notebook,the notebook
das Notizbuch,the notepad
die Pinnwand,the notice board
die Kündigungsfrist,the notice period
die Neuheit,the novelty
die Gehminute,the number of minute’s walk
die Pflegeversicherung,the nursing insurance
die Berufsgruppe,the occupation group
die Berufskrankheit,the occupational illness
das Angebotsschreiben,the offer letter
das Altgerät,the old device
das Altenwohnheim,the old people’s home
die Jobbörse,the online job market
das Stellenportal,the online job portal
der Onlinebezahldienst,the online payment service
das Onlineportal,the online portal
der Internetauftritt,the online presence
die Onlinesuche,the online search
das Großraumbüro,the open-plan office
die Eröffnung,the opening
die Geschäftszeit,the opening times
die Bedienungsanleitung,the operating instructions
der Betrieb,the operation
der Befehl,the order
die Auftragsbestätigung,the order confirmation
das Bestellformular,the order form
die Auftragserteilung,the order placement
die Organisation,the organisation
die Organisationsaufgabe,the organisational task
die Orthopädie,the orthopaedics
der Außenseiter,the outsider
das Outsourcing,the outsourcing
der Overall,the overalls
die Überstundenregelung,the overtime regulation
die Übersicht,the overview
der Takt,the pace
der Karton,the package
der Abschnitt,the paragraph
der Sanitäter,the paramedic
die Elternzeit,the parental leave
die Teilzeitanstellung,the part-time position
das Partnerland,the partner country
die Partei,the party
die Patientenakte,the patient files
die Lohnerhöhung,the pay increase
die Zahlungsbedingung,the payment conditions
die Vorauszahlung,the payment in advance
die Ratenzahlung,the payment in instalments
die Zahlungserinnerung,the payment reminder
die Gehaltsabrechnung,the payslip
das PDF,the pdf
die Fußgängerzone,the pedestrian zone
die RV,the pension insurance
die Festanstellung,the permanent job
der Dauerzustand,the permanent state
der Sachbearbeiter,the person responsible
die Körperpflege,the personal hygiene
die Persönlichkeit,the personality
die Personalversammlung,the Personalversammlungen personal collection
die Perspektive,the perspective
das Benzin,the petrol
die Pharmaindustrie,the pharmaceutical industry
das Fotoalbum,the photo album
der Fotokopierer,the photo copier
das Piktogramm,the pictogram
das Rohr,the pipe
der Betreuungsplatz,the place in childcare
die Planungsphase,the planning phase
der Anlagenmechaniker,the plant mechanic
die Plattform,the platform
das Vergnügen,the pleasure
der Taschenrechner,the pocket calculator
der Besprechungspunkt,the point of discussion
die Höflichkeit,the politeness
das Porträtfoto,the portrait photo
die Stellung,the position
das Poster,the poster
der Posteraufhänger,the poster hanger
das Zusatzstudium,the postgraduate studies
das PPT,the ppt
das Lob,the praise
die Vorerkrankung,the pre-existing illness
das Vorurteil,the prejudice
die Präsenz,the presence
die Präsentation,the presentation
der Moderationskoffer,the presenter’s toolbox
die Presse,the press
der Druck,the pressure
das Vorjahr,the previous year
die Preisreduzierung,the price reduction
die Preisentwicklung,the price trend
die Primarschule,the primary school
das Prinzip,the principle
die Druckschrift,the printed medium
die Priorität,the priority
das Privatleben,the private life
die Wahrscheinlichkeit,the probability
der Vorgang,the procedure
die Produktvielfalt,the product diversity
die Produktion,the production
die Produktionskosten,the production costs
der Berufskraftfahrer,the professional driver
die Meisterwerkstatt,the professional workshop
der Steckbrief,the profile
die Gewinnspanne,the profit margin
die Prognose,the prognosis
das Projekt,the project
die Projektplanung,the project planning
die Projektvorstellung,the project presentation
der Beamer,the projector
das Versprechen,the promise
die Beförderung,the promotion
die Aufstiegschance,the promotion prospect
der Angebotspreis,the promotional price
die Aktionswoche,the promotional week
die Aufforderung,the prompt
der Nachweis,the proof
das Lektorat,the proofreading
der Schutz,the protection
der Arbeitsschutzschuh,the protective footwear
der Kopfschutz,the protective headgear
der Anbieter,the provider
die Bestimmung,the provision
der Puls,the pulse
die Einkaufsabteilung,the purchasing department
die Verfolgung,the pursuit
das QMS,the QMS
der QR-code,the QR code
die Qualitätssicherung,the quality assurance
das Qualitätsmanagement,the quality management
die Lebensqualität,the quality of life
der Qualitätsstandard,the quality standard
die Anzahl,the quantity
das Quartal,the quarter
die Quartalsaufstellung,the quarterly financial report
die Quote,the quote
die Angebotserstellung,the quote generation
die Ausstrahlung,the radiance
der Heizkörper,the radiator
die Gutscheinverlosung,the raffle draw
das Leistungsspektrum,the range of services
der Rap,the rap
die Seltenheit,the rarity
die Bewertung,the rating
die Rationalisierung,the rationalisation
die Reaktion,the reaction
die Leseecke,the reading corner
die Immobilienfirma,the real estate company
die Immobilienbranche,the real estate industry
die Realisierung,the realisation
der Zahlungseingang,the receipt of payment
die Rezeption,the reception
die Aufzeichnung,the recording
die Verringerung,the reduction
der Bezug,the reference
die Region,the region
die Regelung,the regulation
die Stärkung,the reinforcement
das Verhältnis,the relationship
der Rest,the remainder
der Resturlaub,the remaining leave
die Bemerkung,the remark
die Mahnung,the reminder letter
die Arbeitsvergütung,the remuneration for work carried out
die Umbauarbeit,the renovation work
die Neueröffnung,the reopening
die Reparaturwerkstatt,the repair workshop
der Bilanzbuchhalter,the report accountant
die Vertretung,the representation
der Vertreter,the representative
die Anfrage,the request
die Anforderung,the requirement
der Rettungsdienst,the rescue service
die Rettungskraft,the rescue team
das Resort,the resort
die Verantwortung,the responsibility
der Einzelhandel,the retail
der Rückblick,the retrospect
der Umsatz,the revenue
die Belohnung,the reward
das Risiko,the risk
die Sturzgefahr,the risk of falling
der Straßenbau,the road works
der Kalbsbraten,the roast veal
der Roboter,the robot
die Robotik,the robotics
die Zimmerkategorie,the room category
der Zimmerservice,the room service
die Route,the route
die Routenberechnung,the route calculation
die Routine,the routine
das Vorfeld,the run-up stage
der Laufschuh,the running shoe
die Schutzausrüstung,the safety equipment
der Schutzhelm,the safety helmet
die Sicherheitsvorschrift,the safety rule
die Lohnart,the salary type
der Verkauf,the sale
der Vertriebsweg,the sales channel
das Vertriebsmeeting,the sales meeting
das Verkaufsgespräch,the sales pitch
der Verkaufsbericht,the sales report
das Verkaufstalent,the sales talent
das Probefoto,the sample photo
die Sanitäranlage,the sanitary facility
die Sanitäreinrichtung,the sanitary installation
die Sanitärfirma,the sanitary service company
die Zufriedenheit,the satisfaction
das Sparbuch,the savings book
die Skala,the scale
die Skepsis,the scepticism
die Mittlere Reife,the school leaving certificate
das Rührei,the scrambled egg
die Leinwand,the screen
das Suchfeld,the search box
das Suchergebnis,the search result
das Suchsymbol,the search symbol
die Saison,the season
die Nebentätigkeit,the secondary employment
der Sekundarabschluss,the secondary qualification
die Sekundarschule,the secondary school
der Sekretär,the secretary
der Ausschnitt,the section
das Sicherheitsbedenken,the security concerns
die Sicherheitsfirma,the security firm
der Sicherheitsdienst,the security service
das Segment,the segment
der Selbstzweifel,the self doubt
das Selbstbewusstsein,the self-confidence
die Selbstauskunft,the self-disclosure
die Dienstleistung,the service
der Servicebereich,the service area
der Werkvertrag,the service contract
die Sitzung,the session
das Set,the set
die Einstellung,the settings
der Schwerbehinderte,the severely disabled person
die Nähmaschine,the sewing machine
die Schicht,the shift
der Schichtwechsel,the shift change
der Schichtplan,the shift plan
die Schichtarbeit,the shift work
die Kurzzeitpflege,the short-term care
die Schüchternheit,the shyness
die Sicherheitsbestimmung,the safety regulation
die Sicht,the sight
das Stillschweigen,the silence
das Silikon,the silicone
die SIM-karte,the sim card
das Waschbecken,the sink
das Baubüro,the site office
die Ortsbegehung,the site visit
der Ausbildungsberuf,the skilled occupation
die Hautallergie,the skin allergy
die Rutschgefahr,the slip hazard
der Schlitz,the slit
die Kleinigkeit,the small detail
der Small Talk,the small talk
der Seifenspender,the soap dispenser
die Sozialleistung,the social benefit
die SV,the social insurance
die Sozialabgabe,the social security contributions
die Gesellschaft,the society
die Soft Skills,the soft skills
der SolZ,the solidarity surcharge
die Tagessuppe,the soup of the day
die Therme,the spa
der Sprecher,the speaker
die Aktion,the special offer
der Sonderwunsch,the special request
der Spezialist,the specialist
die Facharztpraxis,the specialist medical practice
der Fachtext,the specialist text
die Fachübersetzung,the specialist translation
die Vorgabe,the specification
die Rede,the speech
der Splitter,the splinter
der Personalausgang,the staff exit
der Edelstahl,the stainless steel
die Edelstahleinbauspüle,the stainless steel in-built sink
der Ständer,the stand
der Standard,the standard
der Lebensstandard,the standard of living
die Normung,the standardisation
der Start,the start
der Jahresanfang,the start of the year
der Gesundheitszustand,the state of health
die Abrechnung,the statement
der Dampf,the steam
der Schritt,the step
der Schwiegervater,the stepfather
der Sticker,the sticker
der Materialschrank,the storage cupboard
der Lagerraum,the storage room
die Ladenöffnungszeit,the store opening hours
der Stressfaktor,the stress factor
die Stressresistenz,the stress resistance
das Streikverbot,the strike ban
der Ausbildungsaufbau,the structure of qualification
die Studiengemeinschaft,the study
das Kuscheltier,the stuffed animal
die Abgabe,the submission
der Nachfolger,the successor
die Suite,the suite
die Gesamtsumme,the sum total
die Sommersaison,the summer season
der Vorgesetzte,the superior
die Beilage,the supplement
das Zubehör,the supplies
die Unterstützung,the support
der Aufpreis,the surcharge
die Nachhaltigkeit,the sustainability
das Syndrom,the syndrome
das System,the system
das Tischtennis,the table tennis
das Tablet,the tablet
der Näher,the tailor
die Schneiderei,the tailor’s
die Zieladresse,the target address
die Steuerklasse,the tax bracket
die Teambesprechung,the team meeting
die Technikerschule,the technical school
t,the technology
das Telefonat,the telephone call
die Zeitarbeit,the temporary work
die Beendigung,the termination
der Probelauf,the test run
die Textilfirma,the textile company
die Textilien,the textiles
die Erlebniswelt,the theme park
die These,the thesis
das Drittel,the third
der Daumennagel,the thumbnail
die Tageszeit,the time of day
der Freizeitausgleich,the time off in lieu
der Urlaubsantrag,the time off request
das Zeitalter,the time period
der Tinnitus,the tinnitus
das Lächeln,the to smile
das Anstoßen,the to toast
das Toilettenpapier,the toilet paper
der Gesamtbetrag,the total amount
der Gesamtpreis,the total price
der Farbakzent,the touch of colour
der Touchscreen,the touchscreen
der Tourismus,the tourism
die Messe,the trade fair
das Messegelände,the trade fair grounds
der Messestand,the trade fair stand
das Geschäftsgeheimnis,the trade secret
der Verkehrsunfall,the traffic accident
der Aufhänger,the trailer
die Schulung,the training
die Fortbildungsakademie,the training academy
der Lehrgang,the training course
die Ausbildungsstelle,the training institute
die Schulungsmaßnahme,the training measure
die Ausbildungszeit,the training period
der Übertragungszeitraum,the transfer period
der Übergang,the transition
der Übersetzungsdienst,the translation agency
der Übersetzerdienst,the translation service
der Übersetzer,the translator
der Transport,the transport
der Fahrdienst,the transport service
das Transportschiff,the transport ship
der Prozess,the trial
die Probefrist,the trial period
der Clou,the trick
die Stolperkante,the trip hazard
das Vertrauen,the trust
die Rohrdämmung,the tubing insulation
der Tunnel,the tunnel
das TV,the TV
der Zwilling,the twin
der Berufstyp,the type of occupation
die Ausbildungsart,the type of qualification
die Verständigung,the understanding
die Arbeitslosenversicherung,the unemployment insurance
die Unterrichtseinheit,the unit
der Einzelpreis,the unit price
die Hochschule,the university
der Hochschulabschluss,the university degree
die Aktualisierung,the update
der Bewegungsdrang,the urge to move
der Eilzuschlag,the urgency fee
die Eilübersetzung,the urgent translation
der USB-Anschluss,the USB port
der Stick,the usb stick
die Nutzung,the use
die Mehrwertsteuer,the value added tax
die MwSt,the VAT
der VDA,the VDA
der Wagen,the vehicle
der Fahrzeugbrief,the vehicle registration document
die Fahrzeugsicherheit,the vehicle safety
das Lüftungsrohr,the ventilation pipe
der Ausblick,the view
der Arztbesuch,the visit to the doctor
der Besucher,the visitor
die Berufsfachschule,the vocational college
die Berufsbildungsreife,the vocational education certificate
der Berufsabschluss,the vocational qualification
der Lohn,the wage
die Servicekraft,the waiter
die Wartezeit,the waiting time
die Stationsschwester,the ward nurse
der Lagerarbeiter,the warehouse worker
der Lagerist,the warehouseman
die Garantieleistung,the warranty coverage
das Wasserrohr,the water pipe
der Heimweg,the way home
die Schwäche,the weakness
das Netz,the web
die Webcam,the webcam
das Wochenendseminar,the weekend seminar
der Wellnessbereich,the wellness area
das Whiteboard,the whiteboard
das WLAN,the wifi
der Abzug,the withdrawal
die DOB,the women's outer garments
der Arbeitsbereich,the work area
die Arbeitskleidung,the work clothes
die Arbeitsverhinderung,the work disability
die Arbeitsanweisung,the work instruction
die Arbeitsleistung,the work performance
der Arbeitsabschnitt,the work section
der Arbeitsschritt,the work stage
die Arbeitsplatte,the work surface
der Arbeitsablauf,the workflow
die Belegschaft,the workforce
das Betriebsklima,the working atmosphere
die Arbeitsbedingung,the working condition
der Berufsalltag,the working day
das Arbeitsleben,the working life
der Arbeitsprozess,the working process
das Arbeitsverhältnis,the working relationship
das Arbeitspensum,the workload
die Arbeitsstätte,the workplace
die Arbeitsfläche,the worktop
die Berufsbekleidung,the workwear
der Weltkrieg,the world war
die Weltleitmesse,the world-leading conference
die Wunde,the wound
das Schriftstück,the written document
die Schriftform,the written form
die Abmahnung,the written warning
der Erzieher,the youth care worker
die Zugangsvoraussetzung,the Zugangsvoraussetzungen entrance requirement
theoretisch,theoretical
therapeutisch,therapeutic
dahin,there
dreijährig,three-year
ordentlich,tidy
leidig,tiresome
aufladen,to
annehmen,to accept
begleiten,to accompany
anschaffen,to acquire
aktivieren,to activate
hinzufügen,to add
ansprechen,to address
bewundern,to admire
werben,to advertise
anbringen,to affix
betragen,to amount to
erscheinen,to appear
gelten,to apply
anreisen,to arrive
montieren,to assemble
aneignen,to assimilate
assistieren,to assist
unterstellen,to assume
automatisieren,to automate
ausweichen,to avoid
zutreffen,to be applicable
langweilen,to be bored
leichtfallen,to be easy for sb
im Argen liegen,to be in a sorry state
im Lot sein,to be in balance
verhalten,to behave
verraten,to betray
bluten,to bleed
abbauen,to break down
nötigen,to bully
bündeln,to bundle
verbrennen,to burn
ausrechnen,to calculate
zurückrufen,to call back
beruhigen,to calm
durchführen,to carry out
anrichten,to cause
abfeiern,to celebrate
plaudern,to chat
überprüfen,to check
raussuchen,to choose
rausschmeißen,to chuck out
erläutern,to clarify
abräumen,to clear up
mitteilen,to communicate
vergüten,to compensate
antreten,to compete
vervollständigen,to complete
einräumen,to concede
anschließen,to connect
bedenken,to consider
erbauen,to construct
beinhalten,to contain
weitermachen,to continue
weiterführen,to continue with
widersprechen,to contradict
beitragen,to contribute
steuern,to control
koordinieren,to coordinate
erstellen,to create
kritisieren,to criticise
wagen,to dare
abziehen,to deduct
definieren,to define
verneinen,to deny
aufeinander verlassen,to depend on one another
bezeichnen,to designate
verschicken,to despatch
ermitteln,to detect
verfallen,to deteriorate
bestimmen,to determine
unterscheiden,to differ
entladen,to discharge
verfügen,to dispose
abmontieren,to dissemble
fortbilden,to do further studies
dokumentieren,to document
zweifeln,to doubt
runterladen,to download
vorantreiben,to drive forward
rausfahren,to drive out
wirtschaften,to economise
weiterbilden,to educate further
beseitigen,to eliminate
betten,to embed
anstellen,to employ
vergrößern,to enlarge
eintragen,to enter
schätzen,to estimate
bewerten,to evaluate
untersuchen,to examine
austauschen,to exchange
ausschließen,to exclude
ausüben,to exercise
existieren,to exist
erweitern,to expand
ablaufen,to expire
äußern,to express
verlangen,to extend
erkranken,to fall ill
bevorzugen,to favour
fürchten,to fear
herbeiholen,to fetch
auffüllen,to fill up
finanzieren,to finance
schwerfallen,to find something difficult
schweben,to float
verbieten,to forbid
zwingen,to force
absehen,to foresee
verzeihen,to forgive
erfüllen,to fulfil
weiterbringen,to further
weiterentwickeln,to further develop
erwerben,to gain
einholen,to gather
verallgemeinern,to generalise
kriegen,to get
gewöhnen,to get used to
verschenken,to gift
aufgeben,to give up
losschießen,to go ahead
herumgehen,to go around
aussterben,to go extinct
durchlaufen,to go through
gutgehen,to go well
schiefgehen,to go wrong
ergreifen,to grip
föhnen,to hair dry
abhängen,to hang around
auflegen,to hang up
ereignen,to happen
wirken,to have an effect
einen langen Atem haben,to have staying power
aushelfen,to help out
mitgestalten,to help shape
umsetzen,to implement
steigern,to increase
einleiten,to initiate
erfragen,to inquire
auslegen,to interpret
investieren,to invest
freihalten,to keep clear
lehnen,to lean
erlernen,to learn
abgehen,to leave
hinterlassen,to leave behind
ausleihen,to lend
heben,to lift
anhören,to listen to
einrasten,to lock into place
umsehen,to look around
durchschauen,to look through
sich Mühe geben,to make an effort
freistellen,to make available
Kontakte knüpfen,to make contacts
gutmachen,to make it up
vermerken,to make note of
vorwärtskommen,to make progress
fertigmachen,to make ready
verwalten,to manage
betreuen,to mentor
beirren,to mislead
jammern,to moan
aufsteigen,to move up
durchmogeln,to muddle through
navigieren,to navigate
vernachlässigen,to neglect
verhandeln,to negotiate
bemerken,to notice
befolgen,to obey
überwachen,to observe
beziehen,to obtain
besetzen,to occupy
auftreten,to occur
orientieren,to orient
auslagern,to outsource
überwinden,to overcome
mitbestimmen,to participate
unterteilen,to partition
versterben,to pass away
weitererzählen,to pass on
durchfahren,to pass through
gestatten,to permit
durchhalten,to persevere
bestehen,to persist
hinstellen,to place
einplanen,to plan
anpflanzen,to plant
sichergehen,to play safe
hinweisen,to point out
schildern,to portray
posten,to post
vorziehen,to prefer
darlegen,to present
abhalten,to prevent
aufstemmen,to prise open
befördern,to promote
leisten,to provide
wegstecken,to put away
ausstrahlen,to radiate
überarbeiten,to re-work
vorlesen,to read aloud
nachlesen,to read up on
realisieren,to realise
aufnehmen,to receive
weiterempfehlen,to recommend
wiederfinden,to recover
betrachten,to regard
registrieren,to register
bedauern,to regret
umsiedeln,to relocate
verbleiben,to remain
beheben,to remedy
entfernen,to remove
umbenennen,to rename
renovieren,to renovate
vertreten,to represent
nachholen,to resit
beschließen,to resolve
umschulen,to retrain
belohnen,to reward
reißen,to rip
schrauben,to screw
anschrauben,to screw on
verschließen,to seal
auswählen,to select
wegschicken,to send away
abgelten,to settle
prägen,to shape
verschiffen,to ship
verkürzen,to shorten
anzeigen,to show
signalisieren,to signal
einsortieren,to sort
lauten,to sound
verbreiten,to spread
dastehen,to stand there
aussagen,to state
anstreben,to strive
zusenden,to submit
gelangen,to succeed
suggerieren,to suggest
zusammenfassen,to summarise
mitliefern,to supply with
überleben,to survive
freinehmen,to take leave
protokollieren,to take minutes
beherzigen,to take to heart
zielen,to target
berühren,to touch
handeln,to trade
versetzen,to transfer
transportieren,to transport
trauen,to trust
umkehren,to turn back
runterfahren,to turn off
wenden an,to turn to
unterziehen,to undergo
nachvollziehen,to understand
vornehmen,to undertake
ausladen,to unload
auspacken,to unpack
aktualisieren,to update
drängen,to urge
duzen,to use the ‘du’ form
siezen,to use the ‘Sie’ form
abstimmen,to vote
abwarten,to wait for
wachen,to watch
wischen,to wipe
zurückziehen,to withdraw
einbehalten,to withhold
erarbeiten,to work out
abarbeiten,to work through
ergeben,to yield
zoomen,to zoom
tolerant,tolerant
zweijährig,two-year
arbeitsunfähig,unable to work
unsicher,uncertain
unkompliziert,uncomplicated
verständnisvoll,understanding
unverschuldet,undeserved
arbeitslos,unemployed
ungerecht,unfair
unwichtig,unimportant
unliniert,unlined
unsachlich,unobjective
ungeplant,unplanned
unangenehm,unpleasant
unrealistisch,unrealistic
unpassend,unsuitable
bislang,until now
gebrauchen,used
nützlich,useful
schwach,weak
wochenlang,week-long
wöchentlich,weekly
durchgeplant,well-planned
binnen,within
fußläufig,within walking distance
reibungslos,without a hitch
unfallfrei,without accident
weltgrößte,world’s biggest
