german,english
aber,but
allein,alone
alt,old
andere,other
anziehen,to put a clothe on
arbeiten,to work
attraktiv,attractive
auf Wiedersehen,goodbye
ausmachen,to turn off
beginnen,to begin
bis Bald,bye for now
bis Später,see you later
bitte,please
bitte sehr,you're welcome
blau,blue
danke,thank you
das Bier,the beer
das Brot,the bread
das Café,the café
das Eis,the ice
das Essen,the meal
das Geld,the money
das Gemüse,the vegetables
das Insekt,the insect
das Kind,the kid
das Kleid,the dress
das Lotto,the lottery
das Mädchen,the girl
das Öl,the oil
das Organ,the organ
das Pferd,the horse
das Salz,the salt
das Schwein,the pig
das Tier,the animal
das Wasser,the water
das Wissen,the knowledge
das Wort,the word
denken,to think
der Apfel,the apple
der Arkitekt,the architect
der Arzt,the doctor
der Aufgabe,the task
der Bruder,the brother
der Computer,the computer
der Ei,the egg
der Enkel,the grand-son
der Freund,the boyfriend
der Grossvater,the grand-father
der Herbst,the autumn
der Hund,the dog
der Journalist,the journalist
der Junge,the boy
der Käse,the cheese
der Kellner,the waiter
der Körper,the body
der Kühlschrank,the fridge
der Lehrer,the teacher
der Mann,the man
der Mantel,the coat
der Mechatroniker,the mechanic
der Mensch,the human
der Opa,the grandpa
der Orangensaft,the orange juice
der Partner,the partner
der Praktikant,the intern
der Prinz,the prince
der Pullover,the pull-over
der Reis,the rice
der Schauspieler,the actor
der Sekretär,the secretary
der Sohn,the son
der Sommer,the summer
der Statistiker,the statistician
der Stern,the star
der Student,the student
der Stuhl,the chair
der Tee,the tea
der Vater,the father
der Vogel,the bird
der Wein,the wine
der Winter,the winter
der Wurst,the sausage
Deutsch,German
Deutschland,Germany
die Angst,the fear
die Antwort,the answer
die Aussage,the statement
die Banane,the banana
die Bluse,the blouse
die Ehefrau,the wife
die Enkelin,the grand-daughter
die Ente,the duck
die Frage,the question
die Frau,the woman
die Gewinnzahl,the winning number
die Grossmutter,the grand-mother
die Hose,the pants
die Jacke,the jacket
die Kartoffel,the potato
die Katze,the cat
die Kirche,the church
die Kosmetik,the make-up
die Lampe,the lamp
die Milch,the milk
die Moral,the morality
die Mutter,the mother
die Oma,the grandma
die Schokolade,the chocolate
die Schwester,the sister
die Strumpfhose,the hoose
die Suppe,the soup
die Tomate,the tomato
die Tür,the door
die Zahl,the number
die Zeit,the time
die Zeitung,the newspaper
Dienstag,Tuesday
Donnerstag,Thursday
durst,thirsty
einmal,once
Englisch,English
entschuldigung,excuse-me
erste,first
es tut mir leid,I'm sorry
essen,to eat
falsch,wrong
fantastisch,fantastic
fertig,ready
frei,free
Freitag,Friday
fressen,to eat (animal)
geben,to give
gehen,to go
genau,I agree
geschieden,divorced
glauben,to believe
golden,golden
grau,grey
gross,big
gut,good
Gute Nacht,good night
Guten Abend,good evening
Guten Morgen,good morning
Guten Tag,good day
haben,to have
hässlich,ugly
heissen,to be named
heute,today
hoch,up
hören,to listen
hunger,hungry
interessant,interesting
jetzt,now
kennen,to know
klar,clear
klein,little
kommen,to come
kurz,short
lang,long
langsam,slow
laufen,to walk
lecker,delicious
ledig,single
leer,empty
leicht,light
leider,unfortunately
lernen,to learn
lesen,to read
mag,like
mehrere,several
Mittwoch,Wednesday
Montag,Monday
müde,tired
nein,no
normal,normal
orange,orange
pikant,spicy
prima,fine
rennen,to run
richtig,correct
rot,red
rund,round
sagen,to say
sauber,clean
schlafen,to sleep
schnell,fast
schwarz,black
schwimmen,to swim
schwul,gay lovers
sehen,to see
sein,to be
Sonntag,Sunday
spielen,to play
sprechen,to speak
stark,strong
stehen,to stand up
studieren,to study
süss,sweet
tausend,thousand
teuer,expensive
toll,formidable
tragen,to wear
trinken,to drink
tschüss,bye
überall,everywhere
und,and
vegetarier,vegetarian
verheiratet,married
vielleicht,maybe
warm,warm
warum,why
Was machst du beruflich?,What is your work?
waschen,to wash
weil,because
weiss,white
wie geht es dir?,how are you?
wilkommen,welcome
wirklich,really
wo,where
zusammen,together
zweite,second
die Banane,the banana
der Berg,the mountain
die Zeitung,the newspaper
kalt,cold
die Schokolade,the chocolate
der Kopf,the head
die Möglichkeit,the possibility
die Qualifikation,the qualification
die Himbeere,the raspberry
das Rezept,the recipe
das Handtuch,the towel
spass,fun
die Flasche,the bottle
der Fussball,the football
das Obst,the fruit
der Tiger,the tiger
die Hexe,the witch
umkämpfen,to beat
Dezember,December
Freitag,Friday
September,September
der Käfer,the cockroach
der Küchenchef,the cook
die Enkelin,the grand-daughter
der Historiker,the historian
die Ferien,the holidays
die Lampe,the lamp
der Laptop,the laptop
gesund,healthy
die Bibliothek,the library
das Metall,the metal
der Hals,the neck
der Kunststoff,the plastic
die Sauce,the sauce
die SMS,the SMS
Juni,June
der Zucker,the sugar
geben,to give
der Veteran,the veteran
rennen,to sprint
wo,where
bis Später,see you later
der Herbst,the autumn
rot,red
das Geld,the money
das Stück,the piece
das Pronomen,the pronoun
müde,tired
klein,small
sauer,sour
schon,already
Sonntag,Sunday
frisch,fresh
voll,full
der Nachmittag,the afternoon
das Brot,the bread
die Katze,the cat
die Couch,the couch
das Insekt,the insect
der Bär,the bear
die Maus,the mouse
das Schiff,the ship
die Tomate,the tomato
der Zug,the train
telefonieren,to telephone
gelb,yellow
der Teppich,the carpet
spät,late
das Schlafzimmer,the bedroom
die Stadt,the city
der Hund,the dog
die Blume,the flower
das Leben,the life
die Kuh,the cow
das Restaurant,the restaurant
die Tochter,the daughter
beginnen,to begin
tanzen,to dance
arbeiten,to work
August,August
bequem,convenient
die Oma,the grandma
pikant,spicy
stark,strong
das Ethik,the ethique
der Reis,the rice
das Beispiel,the example
das Mehl,the flour
der Ei,the egg
der Friseur,the hairdresser
der Fuss,the foot
das Praktikum,the internship
der Löwe,the lion
der Wald,the forest
die Möbel,the furniture
die Theorie,the theory
der Geist,the ghost
sortieren,to sort
falsch,wrong
dann,then
blind,blind
mehrere,several
der Arm,the arm
die Farbe,the color
der Elefant,the elephant
die Garage,the garage
der Sohn,the son
der Mensch,the human
das Holz,the wood
hinzufügen,to add
die Identität,the identity
sichtbar,visible
Februar,February
die Flagge,the flag
der Journalist,the journalist
der Schlüssel,the key
die Freundin,the girlfriend
die Küche,the kitchen
die Kumquat,the kumquat
der Fluss,the river
die Sprache,the language
der Leopard,the leopard
tausend,thousand
der Maler,the painter
die Kosmetik,the make-up
der Mann,the man
das Material,the material
stoppen,to stop
Himmel,Heaven
die Dinge,the thing
richtig,correct
golden,golden
gerade,just
andere,other
die Zahl,the number
das Büro,the office
das Omelette,the omelette
der Kalender,the calendar
die Chemie,the chemistry
die Hose,the pants
die Reise,the travel
vor,before
erste,first (adj.)
das Kino,the cinema
das Wohnzimmer,the living room
die Philosophie,the philosophy
das Produkt,the product
das Protokoll,the protocol
die Pflanze,the plant
der Seher,the seer
die Socke,the sock
das Recht,the right
die Rose,the rose
fühlen,to feel
laufen,to run
das Meer,the sea
verstehen,to understand
warm,warm
April,April
wichtig,important
traurig,sad
die Ente,the duck
der Fisch,the fish
die Seife,the soap
die Wohnung,the flat
die Gruppe,the group
die Spezialität,the specialty
die Spinne,the spider
der Praktikant,the intern
der Himmel,the sky
backen,to bake
treffen,to meet
zeigen,to show
welche,which
das TischTennis,the table tennis
der Vater,the father
das Telefon,the telephone
die Terrasse,the terrace
die Frau,the woman
allein,alone
die Tradition,the tradition
der Regenschirm,the umbrella
Deutsch,German
die Stimme,the voice
das Alphabet,the alphabet
vorgestern,the day before yesterday
wild,wild
die Ehefrau,the wife
einmal,once
das Camping,the camping
das Kreuz,the cross
das Radio,the radio
die rote Karte,the red card
die Jugend,the youth
das Zebra,the zebra
lesen,to read
vegetarier,vegetarian
guten Morgen,good morning
rosa,pink
wirklich,really
ledig,single
das Sonderangebot,the special offer
diskutieren,to discuss
spenden,to donate
warum,why
gross,big
lecker,delicious
teuer,expensive
schnell,fast
letzte,last
leicht,light
neu,new
perfekt,perfect
langsam,slow
bezahlen,to pay
anrufen,to phone
fotografieren,to photograph
knipsen,to push
reservieren,to reserve
der Konflikt,the conflict
das Hotel,the hotel
die Fotografie,the photography
das Sofa,the sofa
das Wort,the word
denken,to think
stimmen,to vote
sprechen,to speak
blau,blue
guten Abend,good evening
jemand,someone
die Fliege,the fly
der Grossvater,the grand-father
der Wurst,the sausage
schlafen,to sleep
ganz,whole
noch,again
tragen,to wear
der Fotoapparat,the camera
langweilig,boring
das Weihnachten,Christmas
sauber,clean
umsteigen,to change trains
bunt,colorful
schade,too bad
einfach,easy
prima,fine
gratis,free (money)
hunger,hungry
die Scheibe,the slice
laut,loud
die Avocado,the avocado
oft,often
altmodisch,old-fashioned
draussen,outside
möglich,possible
praktisch,practical
der Balkon,the balcony
fertig,ready
der Khaki,the khaki
schminken,to make up
seltsam,strange
überrascht,surprised
der Anrufer,the caller
die Artischocke,the artichoke
die Tasche,the bag
das Blut,the blood
der Junge,the boy
hoch,high
das Schloss,the castle
die Clementine,the clementine
der Euro,the euro
der Kollege,the colleague
das Comicbuch,the comic book
die Firma,the company
der Ursprung,the origin
die Ecke,the corner
die Cranberry,the cranberry
schwül,humide
der Ehemann,the husband
der Strom,the electricity
das Gefühl,the feeling
die Kunst,the art
der Fuchs,the fox
heissen,to be named
der Gorilla,the gorilla
die Uhr,the watch
der Enkel,the grand-son
der Hut,the hat
der Winter,the winter
das Kind,the kid
das Bein,the leg
der Wolf,the wolf
der Zuhörer,the listener
die Literatur,the literature
die Milch,the milk
die Reisetasche,the travel bag
die Motivation,the motivation
modern,modern
das Notizbuch,the notebook
der Orangensaft,the orange juice
kochen,to cook
der Penalty,the penalty
verheiratet,married
die Geldbörse,the purse
die Kartoffel,the potato
der Turm,the tower
fressen,to eat (animal)
der Salat,the salad
der Sekretär,the secretary
die Socken,the socks
der Spinat,the spinach
die Briefmarke,the stamp
der Fernseher,the television
die Toilette,the toilet
das Turnier,the tournament
der Käse,the cheese
der Ingenieur,the engineer
der Baum,the tree
der Ventilator,the ventilator
das Fenster,the window
die Tür,the door
das Mädchen,the girl
der Joghurt,the yoghurt
Englisch,English
glauben,to believe
sich erkälten,to catch a cold
korrigieren,to correct
das Café,the café
deklinieren,to decline
morgen,tomorrow
entschuldigung,excuse-me
hören,to listen
leben,to live
verlieren,to lose
das Boot,the boat
die Kirche,the church
sehen,to see
rauchen,to smoke
überraschen,to surprise
nehmen,to take
vergessen,to forget
genau,I agree
übermorgen,the day after tomorrow
der Opa,the grandpa
das Lotto,the lottery
zu Hause,at home
tief,deep
betrunken,drunk
emotional,emotional
überall,everywhere
Französisch,French
ab A,from A
von oben,from above
lustig,fun
es tut mir leid,I'm sorry
März,March
Oktober,October
beruflich,professional
das Ziel,the aim
die Antwort,the answer
die Armee,the army
das Getränk,the drink
der Keller,the basement
die Glocke,the bell
die Zensur,the censorship
das Jahrhundert,the century
die Kombination,the combination
kämmen,to comb
der Würfel,the dice
die Folge,the episode
der Garten,the garden
der Goalkeeper,the goalkeeper
der Halt,the halt
die Gesundheit,the health
der Urlaub,the holiday
die Herberge,the hostel
tschüß,bye
das Känguru,the kangaroo
das Glück,the luck
die Mango,the mango
der Affe,the monkey
die Meinung,the opinion
der Gegner,the opponent
der Pass,the pass
die Nudel,the pasta
der Pinguin,the penguin
interessant,interesting
die Physalis,the physalis
der Teller,the plate
der Rotkohl,the red cabbage
der Rest,the rest
der Ring,the ring
das Zimmer,the room
der Lachs,the salmon
das Hemd,the shirt
der Schrimp,the shrimp
der Storck,the stork
der Tisch,the table
der Tourist,the tourist
der Mond,the moon
die Trophäe,the trophy
der Kellner,the waiter
der Werwolf,the werewolf
der Weisskohl,the white cabbage
die Zucchini,the zucchini
kämpfen,to fight
passieren,to happen
heiraten,to marry
renovieren,to renovate
brillieren,to shine
arbeitlos,unemployed
violett,violet
windstill,windless
windig,windy
der Streik,the strike
wegen,because of
zwischen,between
kreativ,creative
effektiv,effective
effizient,efficient
Guten Rutsch,Happy New Year (before)
schwer,hard
unbequem,inconvenient
verloren,lost
luxuriös,luxurious
monatlich,monthly
in der Nähe,near
ausserhalb,outside
respektvoll,respectful
die Passionsfrucht,the passion fruit
der Unfall,the accident
die Luft,the air
die Atmosphäre,the atmosphere
der Autor,the author
der Biber,the beaver
der Alk,the booze
das Zentrum,the centre
die Schokoladenmousse,the chocolate mousse
der Gast,the client
die Konstellation,the constellation
die Kultur,the culture
die Osterglocke,the daffodil
der Tod,the death
der Unterschied,the difference
der Nachteil,the disadvantage
die Feder,the feather
das Tor,the goal
die Note,the grade
die Garantie,the guarantee
die Haselnuss,the hazelnut
die Hitze,the heat
die Geschichte,the history
das Krakenhaus,the hospital
die Hausnummer,the house number
die Hyäne,the hyena
der Einwohner,the inhabitant
die Einladung,the invitation
die Kiwi,the kiwi
das Lama,the llama
die Melone,the melon
der Mund,the mouth
das Netzwerk,the network
die Nase,the nose
die Nuss,the nut
die Altstadt,the old town
das Papier,the paper
die Partnersuche,the partner search
das Schwein,the pig
der Planet,the planet
die Pflaume,the plum
der Polizeisprecher,the police spokesman
die Position,the position
der Ersatz,the replacement
die Wissenschaftler,the scientist
der Löffel,the spoon
die Süsskartoffel,the sweet potato
die Taktik,the tactic
der Tempel,the temple
die Fahrkarte,the ticket
die Windmühle,the windmill
durst,thirsty
ändern,to change
konzentrieren,to concentrate
löschen,to delete
verdoppeln,to double
träumen,to dream
abtrocknen,to dry off
einladen,to invite
lösen,to loose
entfernen,to remove
mieten,to rent
unterstützen,to support
übersetzen,to translate
anmachen,to turn on
tolerant,tolerant
tonal,tonal
der Cousin,the cousin
abwesend,absent
aktiv,active
besorgt,afraid
entlang,along
obwohl,although
genehmift,approved
aufmerksam,attentive
zurück,back
schlimm,bad
gelangweilt,bored
beide,both
gebrochen,broken
chaotisch,chaotic
kompliziert,complicated
ständig,constant
gestorben,dead
unterschiedlich,different
uneinig,divided
dramatisch,dramatic
trüb,dull
während,during
usw.,etc
einziger,exclusive
rechts aussen,extreme right
neblig,foggy
frustriert,frustrated
komisch,funny
echt,genuine
Ungar,Hungary
eindrucksvoll,impressive
in Eile,in a hurry
auf dem Lande,in the countryside
verletzt,injured
unsichtbar,invisible
lieb,kind
bekannt,known
gering,low
gemischt,mixed
ordentlich,neat
nervös,nervous
geduldig,patient
arm,poor
vorherig,previous
pünktlich,punctual
kürzlich,recent
relativ,relative
entspannt,relaxed
reich,rich
lächerlich,ridiculous
egoistisch,selfish
dumm,silly
smart,smart
spontan,spontaneous
sonnig,sunny
die Abwesenheit,the absence
die Erwachsene,the adult
der Vorteil,the advantage
der Erlebnispark,the adventure park
das Attentat,the assassination attempt
der Angriff,the attack
die Barge,the barge
das Bad,the bathroom
die Biene,the bee
der Beginn,the beginning
das Verhalten,the behaviour
der Gürtel,the belt
die Langeweile,the boredom
der Broccoli,the broccoli
der Besen,the broom
das Unternehmen,the business
der Kapitän,the captain
der Promi,the celebrity
die Meisterschaft,the championship
der Charakter,the character
die Kirsche,the cherry
die Kirschtomate,the cherry tomato
der Schimpanse,the chimpanzee
der Zimt,the cinnamon
die Innerstadt,the city centre
die Kleidung,the clothes
die Wolke,the cloud
die Konzentration,the concentration
der Zusammenhang,the connection
der Cousin,the cousin
die Kriminalität,the criminality
die Dunkelheit,the darkness
das Gerät,the device
der Durchfall,the diarrhoea
das Wörterbuch,the dictionary
die Disziplin,the discipline
das Kleid,the dress
der Fahrer,the driver
der Tropfen,the drop
die Erde,the earth
das Erdbeben,the earthquake
der Orient,the east
die Wirkung,the effect
die Umwelt,the environment
die Umweltpolitik,the environmental policy
die Fanartikel,the fan merchandise
der Gefallen,the favour
der Zaun,the fence
das Fieber,the fever
die Angel,the fishing rod
die Badelatschen,the flip-flops
der Strömung,the flow
die Grippe,the flu
der Schaum,the foam
die Fussspur,the footprint
die Stiftung,the foundation
der Rummel,the fuss
die Granate,the grenade
die Gewohnheit,the habit
die Haare,the hair
der Hafen,the harbour
die Hupe,the horn
die Einweihnungsparty,the housewarming party
der Jäger,the hunter
die Branche,the industry
der Einfluss,the influence
die Arbeitsstelle,the job
die Laterne,the lantern
die Legende,the legend
die Mathematik,the mathematics
die Melodie,the melody
die Mirabelle,the mirabelle
das Tatmotiv,the motive
der Glühwein,the mulled wine
das Muss,the must
das Nickerchen,the nap
das Geräusch,the noise
der Nord,the north
der Kindergarten,the nursery
das Abseits,the offside
der Ofen,the oven
das Eigentor,the own goal
die Seite,the page
die Pfanne,the pan
die Unterhose,the pants
der Beifahrer,the passenger
die Frist,the period
die Physik,the physics
der Druck,the pressure
das Gefängnis,the prison
die Gefangene,the prisoner
die Herstellung,the production
die Tollwut,the rabies
der Funkturm,the radio tower
die Rangliste,the ranking
die Empfehlung,the recommendation
die Auswechslung,the replacement
die Meldung,the report
die Rückseite,the reverse
der Ritt,the ride
die Rolle,the role
das Dach,the roof
das Salz,the salt
die Wissenschaft,the science
die Sicherheit,the security
das Ufer,the shore
das Faultier,the sloth
das Lied,the song
der Süd,the south
der Raum,the space
der Nebensatz,the subordinate clause
der Auswechselspieler,the substitute
der Erfolg,the success
der Unterstützer,the supporter
die Überraschung,the surprise
das Bonbon,the sweet
der Zuckermais,the sweetcorn
die Schwimmbrille,the swimming goggles
die Zielgruppe,the target group
die Temperatur,the temperature
das Zelt,the tent
der Gedanke,the thought
der Gleichstand,the tie
das Spielzeug,the toy
das Universum,the universe
der Ärger,the upset
der Einsatz,the use
der Benutzer,the user
der Lohn,the wage
der Spaziergang,the walk
die Wand,the wall (inside)
der Müll,the waste
der Westen,the west
die Werkstatt,the workshop
dick,thick
diejenigen,those
verwirklichen,to achieve
dazugeben,to add
anzeigen,to advertise
beantworten,to answer
erwachsen,to arise
angreifen,to attack
wecken,to awake
sich lohnen,to be worth it
gehören,to belong to
setzen,to bet
kleben,to bond
buchen,to book
absagen,to cancel
abkassieren,to cash up
einbrechen,to collapse
klagen,to complain
weinen,to cry
debattieren,to debate
tauchen,to dive
tun,to do
beschäftigen,to employ
betreten,to enter
ausbrechen,to erupt
begleiten,to escort
gründen,to establish
bestehen,to exist
erleben,to experience
sinken,to fall
holen,to get
sich kennenlernen,to get to know each other
sich an gewöhnen,to get used to
runtergehen,to go down
hinaufgehen,to go up
grillen,to grill
anbauen,to grow
halten,to hold
sich beeilen,to hurry
schmerzen,to hurt
überfallen,to invade
anlegen,to invest
bügeln,to iron
lachen,to laugh
führen,to lead
gefallen,to like
wohnen,to live
besitzen,to own
teilnehmen,to participate
herstellen,to produce
ziehen,to pull
anziehen,to put on
ruhen,to rest
belohnen,to reward
überfahren,to run over
beten,to say one's prayers
teilen,to share
rasieren,to shave
sich rasieren,to shave
auf Rücksicht nehmen,to show consideration for
einsinken,to sink in
ausgeben,to spend
ausziehen,to take off
knüpfen,to tie
versuchen,to try
tippen,to type
aufwachen,to wake up
pfeifen,to whistle
aushalten,to withstand
aus Versehen,unintentional
unlesbar,unreadable
verschieden,various
gewalttätig,violent
lautstark,vocal
klug,wise
innerhalb,within
wert,worth
ein paar,some
wie wäre es,what about
das Ziel,the destination
verhandeln,to negotiate
der Vorschlag,the proposal
das Benzin,the petrol
die Tankstelle,the service station
das Fernglas,the binoculars
durchführen,to perform
das Erdbeben,the earthquake
die Gewerkschaft,the union
schaffen,to make
die Überschwemmung,the flood
verletzt,injured
abenteuerlustig,adventuresome
abenteuerlich,adventurous
aggressiv,aggressive
einig,agreed
insgesamt,all things considered
erstaunt,amazed
wütend,angry
am Anfang,at the beginning
vorher,before
bitter,bitter
übrigens,by the way
demzufolge,consequently
kühl,cool
neugierig,curious
gesunken,decreased
enttäuscht,disappointed
bergab,downhill
sterbend,dying
weltlich,earthly
rechtsextrem,far-right
weniger,fewer
dreckig,filthy
Frohes Neues Jahr,Happy New Year (after)
hilfsbereit,helpful
ehrlich,honest
hoffentlich,hopefully
einwandernd,immigrant
interessiert,interested
vorletzt,last but one
gelassen,left
niedrig,low
nahe,near
trotzdem,nevertheless
unverbindlich,non-binding
gehorsam,obendient
offensiv,offensive
gegensätzlich,opposite
vorbei an,past
permanent,permanent
angenehm,pleasant
umsichtig,prudent
regelmäßig,regular
verantwortlich,responsible
gesalzen,salted
zufrieden,satisfied
ernst,serious
schlank,slim
manchmal,sometimes
besondere,special
sprachlos,speechless
eckig,squared
erfolgreich,successful
dank,thanks to
das Abenteuer,the adventure
der Ratschlag,the advice
die Klimaanlage,the air conditioning
der Wecker,the alarm
der Engel,the angel
das Aussehen,the appearance
das Schnäppchen,the bargain
die Bucht,the bay
der Strand,the beach
der Bart,the beard
der Bauch,the belly
der Erpresser,the blackmailer
die Tafel,the board
das gekochtes Ei,the boiled egg
die Tabellenletzte,the bottom team
der Brückentag,the bridging day
die Kerze,the candle
die Hauptstadt,the capital city
das Rathaus,the city hall
der Beamte,the clerk
die Kokosnuss,the coconut
die Munze,the coin
die Bauvorhaben,the construction projectf
der Vertrag,the contract
das Pokal,the cup
der Vorhang,the curtain
die Beschreibung,the description
die Haft,the detention
die Krankheit,the disease
der Streit,the dispute
das Ohr,the ear
der Unterricht,the education
die Energie,the energy
der Eingang,the entrance
die Erfahrung,the experience
das Feld,the field
der Brand,the fire
die Flanke,the flank
der Hausfloss,the floating house
die Form,the form
das Fell,the fur
die Gabe,the gift
das Glas,the glass
der Handschuh,the glove
die Grapefruit,the grapefruit
die Guave,the guava
die Hälfte,the half
die Wanderung,the hike
der Wohnungsbau,the housing
die Eindruck,the impression
das Bügeleisen,the iron
der Saft,the juice
die Freundlichkeit,the kindness
das Lamm,the lamb
die Masse,the mass
die Massnahme,the measure
der Migrant,the migrant
der Maulwurf,the mole
der Quatsch,the nonsense
der Besitzer,the owner
die Verpackung,the packaging
der Schmerz,the pain
die Malerei,the painting
der Panda,the panda
die Papaya,the papaya
das Paradis,the paradise
der Gehweg,the pavement
der Frieden,the peace
das Elfmeterschiessen,the penalty schootout
der Pfeffer,the pepper
die Telefonnummer,the phone number
die Tonhöhe,the pitch
der Spielplatz,the playground
das Gefieder,the plumage
das Gedicht,the poem
der Polizist,the policeman
die PLZ,the postcode
der Kochtopf,the pot
die Präposition,the preposition
der Drucker,the printer
der Vorgang,the process
der Schutz,the protection
der Anbieter,the provider
die Kneipe,the pub
das Kaninchen,the rabbit
die Ratte,the rat
die Verkürzung,the reduction
der Flüchtling,the refugee
das Resultat,the result
die Rakete,the rocket
der Romanesco Kohl,the Romanesco cabbage
das Segelboot,the sailing boat
der Bildschirm,the screen
die Meeresfrucht,the sea food
der Geruchssin,the sense of smell
das Regal,the shelve
der Geruch,the smell
der Schnee,the snow
der Soldat,the soldier
der Sprudel,the sparkling water
die Rede,the speech
der Sport,the sport
die Stufe,the stage
der Staat,the state
die Aussage,the statement
der Stein,the stone
der Superheld,the superhero
die Unterstützung,the support
das Zielpublikum,the target audience
der Aufgabe,the task
die Steuer,the tax
die Mannschaft,the team
der Diebstahl,the theft
der Dieb,the thief
das Dingsbums,the thingy
die Zunge,the tongue
das Thema,the topic
die Übersetzung,the translation
die Falle,the trap
das Verständnis,the understanding
das Unbekannte,the unknown
das Opfer,the victim
die Gewalt,the violence
der Vulkanausbruch,the volcanic eruption
der Bon,the voucher
die Mauer,the wall (outside)
der Wal,the whale
der Anpfiff,the whistle
das Staunen,the wonder
deshalb,hence
deswegen,for this reason
mitreissend,thrilling
aufgeben,to abandon
sich verhalten,to act
verabschieden,to adopt
streiten,to argue
ankommen,to arrive
übernehmen,to assume
erscheinen,to be published
aufbauen,to build
erbauen,to build
mitreissen,to carry away
fangen,to catch
fengen,to catch
plaudern,to chat
abschliessen,to conclude
streichen,to delete
einzahlen,to deposit
zerstören,to destroy
ankleiden,to dress
ertrinken,to drown
trocknen,to dry
beenden,to end
umtauschen,to exchange
erwarten,to expect
stürzen,to fall
spüren,to feel
angeln,to fish
fischen,to fish with a net
fliehen,to flee
regieren,to govern
ergreifen,to grip
beschützen,to guard
feilschen,to haggle
ernten,to harvest
schlagen,to hit
hupen,to hoot
beeindrucken,to impress
beeinflussen,to influence
unterbrechen,to interrupt
aufrufen,to invoke
beklagen,to lament
währen,to last
laugen,to leach
lassen,to let
abheben,to lift
sich anstrengen,to make an effort
Freunde gewinnen,to make friends
umziehen,to move house
nennen,to name
drücken,to press
verhindern,to prevent
versprechen,to promise
schubsen,to push
ablehnen,to reject
achten,to respect
sich erholen,to rest
aufdecken,to reveal
umdrehen,to reverse
reiten,to ride
braten,to roast
sich drehen,to rotate
duschen,to shower
sitzen,to sit
schlachten,to slaugter
riechen,to smell
ersparen,to spare
losfahren,to start
stehlen,to steal
stinken,to stink
im Angriff nehmen,to tackle
sich Mühe geben,to take care
zerreissen,to tear up
kündigen,to terminate
basteln,to tinker
probieren,to try
ausmachen,to turn off
benutzen,to use
bergauf,uphill
freiwillig,voluntary
schlimmer,worse
bitte sehr,you're welcome
jugendlich,youthful
der Vergleich,the comparison
die Tageszeit,the daytime
der Kompromiss,the compromise
überleben,to survive
der Keks,the cookie
die Veranstaltung,the event
ein bisschen,a bit
oben,above
salonfähig,acceptable
schlecht,bad
kohlensauer,carbonic
nah,close
geschlossen,closed
wolkenlos,cloudless
entgegen,contrary to
trocken,dry
böse,evil
zuerst,first (adv.)
auf Wiedersehen,goodbye
faul,lazy
Angenehm!,Nice to meet you!
hauptsächlich,primary
selten,rarely
ähnlich,similar
simpel,simple
blöd,stupid
die Wut,the anger
die Hymne,the anthem
der Rücken,the back
der Schnabel,the beak
das Tippspiel,the betting game
der Freund,the boyfriend
das Frühstück,the breakfast
der Rosenkohl,the Brussels sprout
der Käfig,the cage
der Gegensatz,the contrast
der Mitspieler,the co-player
die Höflichkeit,the courtesy
die Unterschied,the difference
die Pflicht,the duty
die Notbremse,the emergency brake
der Aufwand,the expense
die Feuerwehr,the fire brigade
die Kraft,the force
das Foul,the foul
der Torhüter,the goalkeeper
die Regierung,the government
die Halbzeit,the half-time
die Ernte,the harvest
das Heimspiel,the home game
der Haushalt,the household
der Einwanderer,the immigrant
die Auswirkung,the impact
die Absicht,the intention
das Interesse,the interest
das Kätzchen,the kitten
die Erkenntnis,the knowledge
der Markt,the market
die Nachricht,the message
das Handy,the mobile phone
die Gegenstand,the object
die Opfergabe,the offering
die Offenheit,the openness
das Orchester,the orchestra
der Polizei,the police
der Preis,the price
das Sprichwort,the proverb
der Welpe,the puppy
die Menge,the quantity
die Rücksicht,the regard
die Sünde,the sin
die Kündigung,the termination
der Daumen,the thumb
das Remis,the tie
das Oberteil,the top
der Transport,the transport
der Schatz,the treasure
die Eile,the urgency
die Strophe,the verse
der Zeuge,the witness
an gewöhnen,to accustom to
anpassen,to adapt
staunen,to be astonished
kennenlernen,to become familiar with
umfahren,to bypass
verteidigen,to defend
schenken,to donate
blühen,to flower
auffliegen,to fly up
folgen,to follow
einsteigen,to get on
steigen,to increase
knien,to kneel
anklopfen,to knock
liegen,to lie
sich kümmern,to look after
beachten,to pay attention
verzichten,to renonce
berichten,to report
stehen,to stand up
stattfinden,to take place
schmecken,to taste
rausreissen,to tear off
erzählen,to tell
bedrohen,to threaten
sich gönnen,to treat oneself to
einsetzen,to use
bewässern,to water
beschweren,to weight
vorsichtig,cautious
geweiht,consecrated
sogar,even
vor A bis B,from A to B
frustrierend,frustrating
Kapiert?,Geddit?
fleissig,hard-working
wie geht es dir?,how are you?
unschuldig,innocent
vernünftig,reasonable
schüchtern,shy
die Mandel,the almond
der Ahn,the ancestor
das Auswärtsspiel,the away game
der Ball,the ball
die rote Bete,the beetroot
der Körper,the body
der Knopf,the button
die Höhle,the cave
die Zichorie,the chicory
der Chef,the chief
das Kühlhaus,the cold store
der Ecke,the corner
der Kuckuck,the cuckoo
die Verteilung,the distribution
die Begegnung,the encounter
das Ende,the end
die Prüfung,the examination
das Gesicht,the face
der Nebel,the fog
der Vordergrund,the foreground
das Geschenk,the gift
die Hölle,the hell
das Nilpferd,the hippopotamus
das Einkommen,the income
die Mandarine,the mandarin
das Mittelalter,the Middle Ages
das Freibad,the outdoor pool
der Pfirsich,the peach
der Beweis,the proof
die Quittung,the receipt
der Schiedrichter,the referee
das Restaurierung,the restoration
das Wiedersehen,the reunion
das Nashorn,the rhino
der Rhabarber,the rhubarb
der Hahn,the rooster
der Schal,the scarf
der Verkäufer,the seller
die Schalotte,the shallot
der Stern,the star
der Geschmack,the taste
der Kamm,the towel
die Schildkröte,the turtle
der Blick,the view
die Jugendherberge,the youth hostel
ärgern,to annoy
wegbringen,to bring away
fortsetzen,to continue
aufstehen,to get up
wissen,to realize
sich erinnern,to remember
erinnern,to remind
leiden,to suffer
nachdenken,to think about
gekümmert,worried about
hinten,behind
wolkig,cloudy
glücklich,happy
vorn,in the front
drinnen,inside
statt,instead of
ruhig,quiet
der Spargel,the asparagus
die Wandtafel,the blackboard
die schwarze Johannisbeere,the blackcurrant
die Ruhe,the calm
die Kardone,the cardoon
die Erkältung,the cold
die Dattek,the date
das Geburtsdatum,the date of birth
das Geschirr,the dishes
der Zwerg,the dwarf
die E-Mail,the email
das Auge,the eye
das Fax,the fax
die Zukunft,the future
die Erdkunde,the geography
der Hase,the hare
die Strumpfhose,the hoose
der Sprung,the jump
der Fehler,the mistake
das Denkmal,the monument
der Film,the movie
die Musik,the music
der Bleistift,the pencil
die Körperpflege,the personal hygiene
die Haustier,the pet
das Flugzeug,the plane
die Quitte,the quince
die Regel,the rule
das Geheimnis,the secret
der Schuh,the shoe
der Stürmer,the striker
das Arbeitszimmer,the study
der Sonnenschein,the sunshine
die Zahnbürste,the toothbrush
die Ampel,the traffic light
blenden,to blind
zählen,to count
herunterladen,to download
sich verlieben,to fall in love
gießen,to pour
vorstellen,to present
anstehen,to queue
besuchen,to visit
gegenüber,towards
hässlich,ugly
ob,whether
uralt,ancient
bis Bald,bye for now
verdammt,damn
geschieden,divorced
das Ostern,Easter
gleich,equal
fett,fat
beeindruckend,impressive
sich,itself
verrückt,mad
stumm,mute
perfide,perfidious
höflich,polite
bald,soon
die Bürste,the brush
das Gebäude,the building
der Rechner,the calculator
die Dose,the can
der Jubel,the cheer
das Huhn,the chicken
die Wirtschaft,the economy
die Gartenbohne,the French bean
der Spasse,the fun
die Traube,the grape
der Posteingang,the inbox
die Flexion,the inflection
das Gesetz,the law (G.)
das Feuerzeug,the lighter
die Mangostanfrucht,the mangosteen
das Mitglied,the member
der Pilz,the mushrooms
die Stelle,the place
die Armut,the poverty
der Beruf,the profession
der Kürbis,the pumpkin
der Satz des Pythagoras,the Pythagora's theorem
der Satz,the sentence
der Laden,the store
der Sonnenbrand,the sunburn
der Anhänger,the supporter
der Dorn,the thorn
der Dreh,the twist
das Waschen,the washing
das Arbeitplatz,the workplace
sich die Zähne putzen,to brush one's teeth
berechnen,to calculate
feiern,to celebrate
wählen,to choose
säubern,to clean
schliessen,to close
schneiden,to cut
aussteigen,to get out
bleiben,to remain
verdrängen,to replace
unterrichten,to teach
wieder,another time
schwierig,difficult
leise,discrete
fälligkeit,due date
zurzeit,for now
zum Geburtstag viel Glück,happy birthday
abseits,offside
sonst,otherwise
still,silent
die Landwirtschaft,the agriculture
der Termin,the appointment
die Ankunft,the arrival
der Künstler,the artist
die Brombeere,the blackberry
die Sternfrucht,the carambola
der Ton,the clay
der Schrank,the cupboard
der Zweifel,the doubt
die Feige,the fig
die Mitbewohner,the flatmate
das Erdgeschoss,the ground floor
das Lachen,the laugh
der Musikgeschmak,the musical taste
das Ergebnis,the outcome
die Petersilie,the parsley
die Erbse,the pea
der Grund,the reason
die rote Beeren,the red berries
die Schwarzwurzel,the salsify
der Sauerampfer,the sorrel
die Vorspeise,the starter
der Magen,the stomach
der Weizen,the wheat
gelten,to apply
sich freuen,to be pleased
sterben,to die
sich vorstellen,to imagine
beschenken,to make a present
verpassen,to miss
bekommen,to obtain
schwimmbecken,to pool
üben,to practice
the Heiligabend,Christmas Eve
herzlich,cordial
insbesondere,especially
wenig,little
zwingend,mandatory
die Bejahung,the affirmation
die Aufmerksamkeit,the attention
die Markise,the awning
der Verkehr,the circulation
der Grad,the degree
die Ableitung,the derivation
die Wüste,the desert
das Design,the design
der Endiviensalat,the endive
der Liebling,the favourite
der Finger,the finger
der Blumentopf,the flowerpot
die Stachelbeere,the gooseberry
die Reineclaude,the greengage
der Haartrockner,the hairdryer
die Hängematte,the hammock
der Hügel,the hill
die Stube,the lounge
die Litschi,the lychee
die Hochzeit,the marriage
der Teil,the part
das Rührei,the scrambled egg
die Einstellung,the setting
die Geschwister,the siblings
das Schweigen,the silence
die Lösung,the solution
der übersetzer,the translator
die Brunnenkresse,the watercress
dabei sein,to be there
föhnen,to blow-dry
sich beschweren,to complain
entscheiden,to decide
anhalten,to halt
verlassen,to leave
lügen,to lie
verbieten,to prohibit
Nun!,Well!
vorgedrungen,advanced
fast,almost
wach,awake
hell,bright
schmutzig,dirty
liebste,favorite
sofort,immediately
unpraktisch,impractical
unterwegs,on the road
scharf,sharp
die Kugel,the ball
die Heidelbeere,the blueberry
die Mütze,the cap
die Sammlung,the collection
die Baustelle,the construction site
die Gurke,the cucumber
die Gefahr,the danger
die Entscheidung,the decision
die Tiefe,the depth
die Entschuldigung,the excuse
der Stock,the floor
der Fussweg,the footpath
Bekannte,the friends
der Knoblauch,the garlic
der Grünkohl,the kale
der Wahnsinn,the madness
das Streichholz,the match
die Masche,the mesh
der Besitz,the possession
der Spielstand,the score
die Haut,the skin
der Muskelkater,the sore muscles
der Schwamm,the sponge
die Lauchzwiebel,the spring onion
der Koffer,the suitcase
der Rüssel,the trunk
die Rübe,the turnip
darauf,thereon
aufhören,to cease
sich fügen,to comply
entdecken,to discover
unterhalten,to entertain
passen,to go well
wandern,to hike
aufmachen,to open
sich streiten,to quarrel
sich bedanken,to say thank you
abmelden,to sign out
klingen,to sound
anfangen,to start
gelingen,to succeed
aufreissen,to tear open
handeln,to trade
wem,who
aller guten Dinge sind drei,all good things come in threes
gar,at all
verlobt,engaged
flüssig,liquid
irreführend,misleading
die Werbung,the advertisement
der Sessel,the armchair
die Panne,the breakdown
das Brustschwimmen,the breaststroke
die Sache,the case
der Sellerie,the celery
die Kastanie,the chestnut
der Schnittlauch,the chives
die Wahl,the choice
der Mut,the courage
die Johannisbeere,the currant
das Reh,the deer
der Rand,the edge
der Notruf,the emergency call
die Ausflug,the excursion
die Erläuterung,the explanation
der Bruch,the facture
der Fenchel,the fennel
die Wohngemeinschaft,the flat share
die Heizung,the heater
der Feldsalat,the lamb's lettuce
das Hauptgericht,the main course
das Mauspad,the mouse pad
die Kette,the necklace
das Nasenbluten,the nosebleed
die Packung,the pack
die Pastinake,the parsnip
die Vorbereitung,the preparation
die Gegenwart,the present
die Öffentliche Verkehrsmittel,the public transports
der Rettich,the radish
die Fernbedienung,the remote
die Probe,the sample
die Scherbe,the shard
die Zuckerschoten,the snow peas
die Geschwindigkeit,the speed
die Ausbildung,the training
der Wert,the value
das Sternzeichen,the zodiacal sign
freuen,to be looking forward
reichen,to be sufficient
verschenken,to give away
mitteilen,to inform
messen,to measure
besetzen,to occupy
veranstalten,to organize
schützen,to protect
regnen,to rain
schiessen,to shoot
siegen,to triumph
wünschen,to wish
was für,what kind of
tätig,active
herum,around
unten,below
neben,besides
daneben,besides that
staubig,dusty
ewig,eternally
ausgezeichnet,excellent
ausser,except
ausgestorben,extinct
günstig,favorable
sachte,gentle
gerne,gladly
grossartig,great
höchst,highly
riesig,huge
falls,in case
damit,in order to
weiter so,keep it up
freundlich,kind
weitere,more
meiste,most
eins nach dem anderen,one by one
gefreut,pleased
scheinbar,seemingly
irgendwie,somehow
das Abkommen,the agreement
der Dachboden,the attic
die Rechnung,the bill
die Stillzeit,the breastfeeding period
die Beule,the bump
die Kuchen,the cake
die Pappe,the cardboard
der Mangold,the chard
das Küken,the chick
die Vergleich,the comparison
der Wickel,the compress
die Bedingung,the condition
der Glückwunch,the congratulations
die Folgerung,the consequence
der Beitrag,the contribution
der Briefwechsel,the correspondence
der Kraulstil,the crawl
der Kunde,the customer
die Daten,the data
die Lust,the desire
die Verzweiflung,the despair
die Richtung,the direction
die Entfernung,the distance
die Erziehung,the education
die Unterhaltung,the entertainment
die Ausrüstung,the equipment
das Ereignis,the event
die Übertreibung,the exaggeration
die Ausnahme,the exception
die Übung,the exercise
die Verlängerung,the extra-time
die Gefriertruhe,the freezer
die Häufigkeit,the frequency
das Spiegelei,the fried egg
die Ziege,the goat
der Gruss,the greeting
der Schinken,the ham
der Kater,the hangover
die Höhe,the height
der Schluckauf,the hiccup
"jo höher die Zahl ist, desto bsser ist die Note","the higher the number, the better the grade"
der Hausbau,the house construction
der Vorfall,the incident
die Mitteilung,the information
die Verletzung,the injury
der Dolmetscher,the interpreter
die Topinambur,the Jerusalem artichoke
der Schmuck,the jewelry
der Lauch,the leek
die Linse,the lens
die Fastenzeit,the Lent
das Glied,the limb
der Ort,the location
der Standort,the location
die Zusammenkunft,the meeting
die Bewegung,the movement
die Verneinung,the negation
der Täter,the offender
der Eierkuchen,the pancake
die Vergangenheit,the past
das Gebäck,the pastry
der Kugelschreiber,the pen
der Stift,the pin
das Töpfchen,the potty
die Leistung,the power
die Hochrechnung,the projection
der Anteil,the proportion
die Aufnahme,the reception
die Ablehnung,the refusal
die Beziehung,the relationship
das Heilmittel,the remedy
der Verleih,the rental shop
der Wunsch,the request
der Felsen,the rock
der Beutel,the sachet
die Schere,the scissors
das Schaf,the sheep
das Geschäft,the shop
die Gesellschaft,the society
der Zauberspruch,the spell
das Eichhörnchen,the squirrel
der Tacker,the stapler
das Fach,the subject
der Badeanzug,the swimsuit
der Mieter,the tenant
das Gleis,the track
die Wahrheit,the truth
die Wahlbeteiligung,the turnout
der Reichtum,the wealth
das Gewicht,the weight
daher,therefore
davon,thereof
dünn,thin
beraten,to advise
festnehmen,to arrest
leihen,to borrow
verbrennen,to burn
stornieren,to cancel
betrügen,to cheat
zumachen,to close up
beschwören,to conjure
verbrauchen,to consume
zurechtkommen,to cope
erstellen,to create
beherrschen,to dominate
verdienen,to earn
austauschen,to exchange
herausfinden,to find out
zwingen,to force
verzeihen,to forgive
zögern,to hesitate
verstecken,to hide
verbessern,to improve
treten,to kick
verwalten,to manage
legen,to place
auftauchen,to pop up
anbieten,to provide
weiterführen,to pursue
stellen,to put
erhalten,to receive
trennen,to separate
dienen,to serve
nähen,to sew
verbringen,to spend
stechen,to sting
lutschen,to suck
ertragen,to suffer
wechseln,to switch
mitnehmen,to take along
reissen,to tear
werfen,to throw
verwenden,to utilize
unerträglich,unbearable
einzigartig,unique
schwach,weak
Was machst du beruflich?,What is your work?
gern geschehen,you are welcome
